3459.619269,0.467600,-0.057180,0.258305,0.929647,-0.368350,-0.004991,0.007037,0.260305,-1.539972,-1.965109,-1.223707,1.565429,-0.555950,0.935920,-0.697191,3.021390,-0.055615,0.410833,0.039187
3459.669317,0.467599,-0.056627,0.258210,0.929647,-0.368350,-0.004991,0.007037,0.261517,-1.539902,-1.965454,-1.223439,1.565449,-0.554739,0.855582,-0.584090,3.091340,-0.056749,0.407819,0.037250
3459.689301,0.467598,-0.056072,0.258088,0.929647,-0.368350,-0.004991,0.007037,0.262731,-1.539855,-1.965859,-1.223087,1.565469,-0.553525,0.934496,-0.403693,2.771224,-0.064766,0.403774,0.035258
3459.709319,0.467598,-0.055517,0.257938,0.929647,-0.368350,-0.004991,0.007037,0.263944,-1.539832,-1.966326,-1.222649,1.565489,-0.552312,1.023458,-0.342282,2.741109,-0.070827,0.405732,0.035287
3459.729310,0.467597,-0.054963,0.257788,0.929647,-0.368350,-0.004991,0.007037,0.265157,-1.539810,-1.966788,-1.222215,1.565509,-0.551099,1.568631,-1.688441,1.811681,0.009439,0.543944,0.035161
3459.749340,0.467596,-0.054410,0.257643,0.929647,-0.368350,-0.004991,0.007037,0.266368,-1.539788,-1.967241,-1.221791,1.565528,-0.549888,1.713350,-1.995112,0.942212,0.034728,0.598137,0.030025
3459.769327,0.467595,-0.053855,0.257495,0.929647,-0.368350,-0.004991,0.007037,0.267581,-1.539768,-1.967698,-1.221360,1.565548,-0.548676,2.564950,-3.096192,-0.338716,0.070342,0.704793,0.033207
3459.789339,0.467595,-0.053300,0.257365,0.929647,-0.368350,-0.004991,0.007037,0.268794,-1.539736,-1.968114,-1.220983,1.565568,-0.547463,-0.124299,-4.128337,-2.317575,0.096435,0.616235,0.030162
3459.809403,0.467594,-0.052746,0.257232,0.929647,-0.368350,-0.004991,0.007037,0.270006,-1.539707,-1.968533,-1.220599,1.565588,-0.546251,0.929545,-3.191627,-2.739254,0.036577,0.670570,0.025099
3459.829396,0.467593,-0.052192,0.257104,0.929647,-0.368350,-0.004991,0.007037,0.271216,-1.539676,-1.968941,-1.220229,1.565608,-0.545041,0.307768,-3.911610,-4.248442,0.015144,0.700909,0.010299
3459.849461,0.467593,-0.051638,0.256992,0.929647,-0.368350,-0.004991,0.007037,0.272428,-1.539634,-1.969313,-1.219905,1.565628,-0.543829,-2.293166,-5.007923,-5.687457,0.066417,0.606281,0.012170
3459.869404,0.467592,-0.051083,0.256871,0.929647,-0.368350,-0.004991,0.007037,0.273640,-1.539601,-1.969703,-1.219555,1.565648,-0.542618,0.361307,-3.401504,-5.940111,-0.035428,0.734231,0.016103
3459.889453,0.467591,-0.050529,0.256766,0.929647,-0.368350,-0.004991,0.007037,0.274851,-1.539556,-1.970056,-1.219252,1.565668,-0.541406,-2.595025,-5.822012,-7.807681,0.052162,0.663205,0.024290
3459.909661,0.467591,-0.049974,0.256668,0.929647,-0.368350,-0.004991,0.007037,0.276062,-1.539507,-1.970393,-1.218970,1.565688,-0.540195,-2.848924,-5.342658,-8.088041,0.051622,0.670044,-0.006924
3459.929577,0.467591,-0.049420,0.256561,0.929647,-0.368350,-0.004991,0.007037,0.277271,-1.539467,-1.970746,-1.218663,1.565708,-0.538986,-0.941963,-4.889420,-8.940460,-0.010519,0.776097,0.001146
3459.949682,0.467590,-0.048865,0.256476,0.929647,-0.368350,-0.004991,0.007037,0.278482,-1.539411,-1.971051,-1.218420,1.565728,-0.537776,-5.656080,-7.743848,-10.977784,0.126241,0.602162,0.029253
3459.969569,0.467590,-0.048311,0.256384,0.929647,-0.368350,-0.004991,0.007037,0.279693,-1.539362,-1.971368,-1.218158,1.565748,-0.536565,-2.312619,-5.436082,-10.350492,0.019769,0.763069,-0.004988
3459.989640,0.467589,-0.047756,0.256297,0.929647,-0.368350,-0.004991,0.007037,0.280903,-1.539311,-1.971676,-1.217908,1.565768,-0.535355,-3.681705,-7.293864,-11.829422,0.085241,0.729519,-0.000744
3460.009646,0.467589,-0.047202,0.256229,0.929647,-0.368350,-0.004991,0.007037,0.282111,-1.539246,-1.971937,-1.217718,1.565788,-0.534147,-6.973675,-8.472533,-12.697488,0.163617,0.593260,0.004077
3460.029590,0.467589,-0.046647,0.256146,0.929647,-0.368350,-0.004991,0.007037,0.283321,-1.539195,-1.972233,-1.217479,1.565808,-0.532937,-2.835961,-6.453418,-12.380851,0.040654,0.780932,0.001066
3460.049692,0.467588,-0.046093,0.256081,0.929647,-0.368350,-0.004991,0.007037,0.284531,-1.539130,-1.972486,-1.217298,1.565828,-0.531728,-6.884431,-9.403928,-14.247610,0.167244,0.642230,0.016251
3460.069836,0.467588,-0.045538,0.256012,0.929647,-0.368350,-0.004991,0.007037,0.285740,-1.539070,-1.972747,-1.217102,1.565848,-0.530518,-5.657974,-7.986912,-13.630007,0.128805,0.702260,-0.018006
3460.089729,0.467588,-0.044984,0.255936,0.929647,-0.368350,-0.004991,0.007037,0.286947,-1.539018,-1.973021,-1.216886,1.565868,-0.529312,-4.001953,-7.828161,-14.170465,0.080427,0.780097,-0.011829
3460.109625,0.467588,-0.044429,0.255882,0.929647,-0.368350,-0.004991,0.007037,0.288156,-1.538948,-1.973244,-1.216739,1.565888,-0.528103,-8.594106,-10.318080,-15.657556,0.211424,0.597243,0.019167
3460.129626,0.467588,-0.043874,0.255815,0.929647,-0.368350,-0.004991,0.007037,0.289365,-1.538892,-1.973498,-1.216547,1.565908,-0.526894,-4.152751,-7.475003,-14.420512,0.084723,0.798064,-0.011967
3460.149773,0.467587,-0.043319,0.255748,0.929647,-0.368350,-0.004991,0.007037,0.290573,-1.538836,-1.973748,-1.216359,1.565928,-0.525686,-5.311347,-8.963501,-15.339387,0.128226,0.774534,-0.013737
3460.169733,0.467587,-0.042764,0.255694,0.929647,-0.368350,-0.004991,0.007037,0.291781,-1.538771,-1.973968,-1.216210,1.565948,-0.524478,-8.158875,-10.208835,-15.838055,0.207457,0.657046,0.001153
3460.189745,0.467587,-0.042210,0.255626,0.929647,-0.368350,-0.004991,0.007037,0.292987,-1.538720,-1.974219,-1.216016,1.565968,-0.523273,-3.375318,-7.303176,-14.770786,0.059644,0.864958,-0.006929
3460.209722,0.467587,-0.041656,0.255562,0.929647,-0.368350,-0.004991,0.007037,0.294194,-1.538666,-1.974456,-1.215838,1.565988,-0.522066,-5.893010,-9.449531,-15.808532,0.133054,0.787877,-0.001659
3460.229788,0.467587,-0.041101,0.255505,0.929647,-0.368350,-0.004991,0.007037,0.295401,-1.538609,-1.974681,-1.215676,1.566008,-0.520859,-6.858565,-9.467366,-15.488030,0.163393,0.760059,-0.011818
3460.249733,0.467586,-0.040546,0.255434,0.929647,-0.368350,-0.004991,0.007037,0.296608,-1.538565,-1.974934,-1.215474,1.566028,-0.519652,-2.685421,-6.942359,-14.670801,0.019608,0.920954,-0.007913
3460.269732,0.467586,-0.039992,0.255368,0.929647,-0.368350,-0.004991,0.007037,0.297813,-1.538518,-1.975173,-1.215287,1.566048,-0.518448,-5.709514,-9.267424,-15.508174,0.102963,0.827021,0.007383
3460.289758,0.467586,-0.039437,0.255304,0.929647,-0.368350,-0.004991,0.007037,0.299019,-1.538470,-1.975405,-1.215108,1.566068,-0.517242,-5.519924,-8.576428,-14.898177,0.103352,0.848004,-0.019799
3460.309773,0.467586,-0.038882,0.255227,0.929647,-0.368350,-0.004991,0.007037,0.300225,-1.538435,-1.975666,-1.214888,1.566088,-0.516036,-1.944429,-6.380679,-14.250708,-0.028464,0.975995,-0.008879
3460.329774,0.467586,-0.038327,0.255156,0.929647,-0.368350,-0.004991,0.007037,0.301430,-1.538396,-1.975914,-1.214684,1.566108,-0.514830,-4.809201,-8.456794,-15.008143,0.035936,0.891034,0.008396
3460.349844,0.467586,-0.037773,0.255086,0.929647,-0.368350,-0.004991,0.007037,0.302633,-1.538358,-1.976156,-1.214486,1.566128,-0.513628,-4.400570,-7.814010,-14.628257,0.032248,0.919977,-0.023750
3460.369829,0.467585,-0.037218,0.255010,0.929647,-0.368350,-0.004991,0.007037,0.303838,-1.538327,-1.976412,-1.214267,1.566148,-0.512423,-1.132386,-5.543401,-14.060483,-0.095347,1.031079,-0.010934
3460.389808,0.467585,-0.036664,0.254934,0.929647,-0.368350,-0.004991,0.007037,0.305043,-1.538297,-1.976665,-1.214049,1.566168,-0.511218,-3.620659,-7.256790,-14.608297,-0.052064,0.962974,-0.001604
3460.409838,0.467585,-0.036109,0.254864,0.929647,-0.368350,-0.004991,0.007037,0.306247,-1.538264,-1.976903,-1.213851,1.566188,-0.510014,-3.799033,-7.215234,-14.588089,-0.040699,0.970040,-0.017775
3460.429880,0.467585,-0.035554,0.254785,0.929647,-0.368350,-0.004991,0.007037,0.307451,-1.538239,-1.977160,-1.213623,1.566208,-0.508811,-0.570893,-4.762101,-13.820336,-0.158403,1.073140,-0.008908
3460.449889,0.467585,-0.035000,0.254702,0.929647,-0.368350,-0.004991,0.007037,0.308652,-1.538220,-1.977425,-1.213383,1.566228,-0.507609,-2.475075,-6.167813,-14.158756,-0.138020,1.011793,-0.019623
3460.469899,0.467584,-0.034445,0.254629,0.929647,-0.368350,-0.004991,0.007037,0.309856,-1.538194,-1.977666,-1.213173,1.566248,-0.506406,-3.417602,-6.712127,-14.777953,-0.121833,0.987099,0.001288
3460.489914,0.467584,-0.033890,0.254549,0.929647,-0.368350,-0.004991,0.007037,0.311058,-1.538174,-1.977919,-1.212946,1.566268,-0.505204,-0.495889,-4.450074,-13.739828,-0.188490,1.084347,-0.016869
3460.509914,0.467584,-0.033335,0.254464,0.929647,-0.368350,-0.004991,0.007037,0.312261,-1.538161,-1.978183,-1.212700,1.566288,-0.504001,-1.492497,-5.154497,-13.919502,-0.204731,1.031487,-0.031757
3460.530030,0.467584,-0.032782,0.254387,0.929647,-0.368350,-0.004991,0.007037,0.313461,-1.538143,-1.978431,-1.212476,1.566308,-0.502801,-2.896647,-5.858342,-14.447868,-0.196997,1.003139,0.021364
3460.550006,0.467584,-0.032227,0.254307,0.929647,-0.368350,-0.004991,0.007037,0.314663,-1.538129,-1.978681,-1.212245,1.566328,-0.501600,-1.098254,-4.636338,-13.839051,-0.197652,1.074661,-0.034795
3460.570003,0.467583,-0.031672,0.254221,0.929647,-0.368350,-0.004991,0.007037,0.315864,-1.538120,-1.978942,-1.211998,1.566348,-0.500399,-0.726713,-4.249521,-13.829916,-0.255514,1.041313,-0.021857
3460.590095,0.467583,-0.031117,0.254138,0.929647,-0.368350,-0.004991,0.007037,0.317065,-1.538112,-1.979198,-1.211755,1.566368,-0.499198,-2.458204,-5.285307,-14.218044,-0.235128,1.011075,0.010426
3460.610052,0.467583,-0.030563,0.254060,0.929647,-0.368350,-0.004991,0.007037,0.318263,-1.538101,-1.979440,-1.211531,1.566388,-0.497999,-2.120881,-5.275503,-14.208282,-0.202688,1.023964,-0.035780
3460.630080,0.467583,-0.030008,0.253975,0.929647,-0.368350,-0.004991,0.007037,0.319464,-1.538096,-1.979694,-1.211286,1.566408,-0.496799,-0.425432,-3.720534,-13.739778,-0.270470,1.051365,-0.008878
3460.650060,0.467583,-0.029453,0.253887,0.929647,-0.368350,-0.004991,0.007037,0.320664,-1.538096,-1.979955,-1.211030,1.566428,-0.495600,-1.992084,-4.868168,-13.948441,-0.251005,0.999916,-0.023631
3460.670078,0.467582,-0.028898,0.253810,0.929647,-0.368350,-0.004991,0.007037,0.321863,-1.538088,-1.980191,-1.210807,1.566448,-0.494400,-2.716979,-5.483160,-14.697882,-0.228789,0.976125,-0.005733
3460.690101,0.467582,-0.028344,0.253729,0.929647,-0.368350,-0.004991,0.007037,0.323062,-1.538086,-1.980435,-1.210572,1.566468,-0.493201,-0.730068,-3.928747,-13.899229,-0.247548,1.033586,-0.021843
3460.710133,0.467582,-0.027790,0.253641,0.929647,-0.368350,-0.004991,0.007037,0.324259,-1.538090,-1.980692,-1.210315,1.566488,-0.492005,-1.341973,-4.465395,-14.089443,-0.263693,0.997508,-0.035775
3460.730146,0.467582,-0.027235,0.253560,0.929647,-0.368350,-0.004991,0.007037,0.325457,-1.538090,-1.980932,-1.210080,1.566508,-0.490807,-2.796435,-5.267430,-14.737849,-0.248037,0.969148,0.015382
3460.750199,0.467582,-0.026680,0.253482,0.929647,-0.368350,-0.004991,0.007037,0.326655,-1.538090,-1.981164,-1.209854,1.566528,-0.489609,-1.743332,-4.756222,-14.418536,-0.217657,1.017863,-0.043794
3460.770150,0.467581,-0.026125,0.253395,0.929647,-0.368350,-0.004991,0.007037,0.327853,-1.538097,-1.981413,-1.209602,1.566548,-0.488411,-0.865167,-4.030133,-14.229752,-0.278488,1.000376,-0.022870
3460.790201,0.467581,-0.025571,0.253309,0.929647,-0.368350,-0.004991,0.007037,0.329048,-1.538107,-1.981659,-1.209352,1.566568,-0.487217,-2.587846,-5.046440,-14.488002,-0.259079,0.970090,-0.005597
3460.810202,0.467581,-0.025016,0.253232,0.929647,-0.368350,-0.004991,0.007037,0.330244,-1.538110,-1.981887,-1.209126,1.566588,-0.486020,-2.728254,-5.475672,-14.848005,-0.210680,0.971072,-0.035784
3460.830230,0.467581,-0.024461,0.253147,0.929647,-0.368350,-0.004991,0.007037,0.331441,-1.538121,-1.982127,-1.208880,1.566608,-0.484824,-0.694096,-3.830759,-14.169638,-0.272461,1.018420,-0.014883
3460.860309,0.467581,-0.023907,0.253063,0.929647,-0.368350,-0.004991,0.007037,0.332637,-1.538133,-1.982365,-1.208634,1.566628,-0.483628,-0.782901,-4.010520,-14.289515,-0.258471,1.012469,-0.019878
3460.880309,0.467580,-0.023353,0.252973,0.929647,-0.368350,-0.004991,0.007037,0.333830,-1.538152,-1.982615,-1.208371,1.566648,-0.482435,-1.867096,-4.793161,-14.458945,-0.264789,0.971709,-0.043731
3460.900247,0.467580,-0.022798,0.252892,0.929647,-0.368350,-0.004991,0.007037,0.335025,-1.538164,-1.982843,-1.208135,1.566668,-0.481240,-3.385864,-5.720135,-15.197778,-0.231920,0.939171,0.007328
3460.920304,0.467580,-0.022243,0.252811,0.929647,-0.368350,-0.004991,0.007037,0.336220,-1.538178,-1.983071,-1.207899,1.566688,-0.480046,-1.538174,-4.608111,-14.509034,-0.217575,1.014664,-0.040831
3460.940275,0.467580,-0.021688,0.252722,0.929647,-0.368350,-0.004991,0.007037,0.337414,-1.538201,-1.983314,-1.207638,1.566708,-0.478852,-1.305426,-4.428245,-14.579789,-0.267569,0.990366,-0.036832
3460.960289,0.467580,-0.021133,0.252639,0.929647,-0.368350,-0.004991,0.007037,0.338608,-1.538219,-1.983542,-1.207396,1.566728,-0.477658,-3.296065,-5.586588,-15.207814,-0.239073,0.959163,0.008399
3460.980358,0.467580,-0.020579,0.252559,0.929647,-0.368350,-0.004991,0.007037,0.339799,-1.538237,-1.983762,-1.207163,1.566748,-0.476467,-2.461605,-5.285301,-14.908359,-0.202696,1.004935,-0.052775
3461.000335,0.467579,-0.020024,0.252474,0.929647,-0.368350,-0.004991,0.007037,0.340992,-1.538261,-1.983993,-1.206912,1.566768,-0.475274,-0.788506,-4.082344,-14.780087,-0.280392,1.030239,-0.024914
3461.020327,0.467579,-0.019470,0.252389,0.929647,-0.368350,-0.004991,0.007037,0.342184,-1.538286,-1.984221,-1.206664,1.566788,-0.474082,-2.967665,-5.556999,-15.257981,-0.238055,0.990097,-0.014609
3461.040355,0.467579,-0.018915,0.252312,0.929647,-0.368350,-0.004991,0.007037,0.343376,-1.538306,-1.984432,-1.206438,1.566808,-0.472890,-3.268851,-5.877120,-15.518061,-0.191618,0.987048,-0.042813
3461.060413,0.467579,-0.018361,0.252227,0.929647,-0.368350,-0.004991,0.007037,0.344566,-1.538335,-1.984658,-1.206189,1.566828,-0.471701,-0.528677,-3.972322,-14.900105,-0.270393,1.070232,-0.020913
3461.080384,0.467579,-0.017806,0.252141,0.929647,-0.368350,-0.004991,0.007037,0.345757,-1.538365,-1.984884,-1.205936,1.566848,-0.470510,-2.491491,-5.438607,-15.318377,-0.234986,1.024940,-0.036640
3461.110487,0.467579,-0.017251,0.252052,0.929647,-0.368350,-0.004991,0.007037,0.346947,-1.538399,-1.985114,-1.205677,1.566868,-0.469319,-2.164085,-5.300069,-15.418643,-0.238923,1.040833,-0.044669
3461.130414,0.467578,-0.016696,0.251977,0.929647,-0.368350,-0.004991,0.007037,0.348138,-1.538424,-1.985314,-1.205457,1.566888,-0.468129,-3.785037,-6.344897,-16.237670,-0.194714,0.989205,-0.006769
3461.150468,0.467578,-0.016142,0.251895,0.929647,-0.368350,-0.004991,0.007037,0.349325,-1.538455,-1.985527,-1.205217,1.566908,-0.466942,-0.716710,-4.412095,-15.289902,-0.231403,1.102313,-0.035909
3461.170436,0.467578,-0.015587,0.251809,0.929647,-0.368350,-0.004991,0.007037,0.350515,-1.538493,-1.985748,-1.204964,1.566928,-0.465753,-1.543363,-5.134801,-15.729591,-0.245718,1.065451,-0.048763
3461.190537,0.467578,-0.015032,0.251735,0.929647,-0.368350,-0.004991,0.007037,0.351703,-1.538521,-1.985941,-1.204747,1.566948,-0.464564,-3.814445,-6.371725,-16.537621,-0.202851,1.010229,0.005295
3461.210496,0.467578,-0.014477,0.251657,0.929647,-0.368350,-0.004991,0.007037,0.352892,-1.538554,-1.986143,-1.204517,1.566968,-0.463376,-1.233849,-4.841536,-15.679608,-0.207427,1.119430,-0.048899
3461.230540,0.467578,-0.013922,0.251572,0.929647,-0.368350,-0.004991,0.007037,0.354080,-1.538595,-1.986357,-1.204266,1.566988,-0.462188,-0.878357,-4.689346,-15.830087,-0.257522,1.105245,-0.043853
3461.250520,0.467578,-0.013369,0.251495,0.929647,-0.368350,-0.004991,0.007037,0.355265,-1.538630,-1.986552,-1.204040,1.567008,-0.461003,-3.575953,-6.279439,-16.517790,-0.203950,1.045167,0.006342
3461.270531,0.467578,-0.012814,0.251417,0.929647,-0.368350,-0.004991,0.007037,0.356452,-1.538667,-1.986747,-1.203813,1.567028,-0.459816,-2.078376,-5.528296,-15.949054,-0.183567,1.112656,-0.054834
3461.290587,0.467577,-0.012259,0.251333,0.929647,-0.368350,-0.004991,0.007037,0.357638,-1.538712,-1.986956,-1.203563,1.567048,-0.458630,-0.441530,-4.481652,-15.900404,-0.262422,1.141114,-0.032899
3461.310602,0.467577,-0.011704,0.251254,0.929647,-0.368350,-0.004991,0.007037,0.358824,-1.538753,-1.987150,-1.203333,1.567068,-0.457444,-3.287163,-6.258498,-16.597922,-0.202990,1.071118,-0.008639
3461.330599,0.467577,-0.011150,0.251181,0.929647,-0.368350,-0.004991,0.007037,0.360007,-1.538792,-1.987331,-1.203118,1.567088,-0.456261,-2.872621,-6.038017,-16.388453,-0.166579,1.088893,-0.052830
3461.350561,0.467577,-0.010595,0.251097,0.929647,-0.368350,-0.004991,0.007037,0.361192,-1.538840,-1.987534,-1.202870,1.567108,-0.455076,-0.213939,-4.302614,-15.900647,-0.257381,1.163015,-0.026918
3461.370589,0.467577,-0.010040,0.251017,0.929647,-0.368350,-0.004991,0.007037,0.362377,-1.538888,-1.987729,-1.202633,1.567128,-0.453892,-2.909105,-6.158408,-16.618127,-0.198994,1.091038,-0.027637
3461.390680,0.467577,-0.009485,0.250945,0.929647,-0.368350,-0.004991,0.007037,0.363561,-1.538930,-1.987903,-1.202420,1.567148,-0.452708,-3.490188,-6.507502,-16.798200,-0.157601,1.069993,-0.041820
3461.410695,0.467577,-0.008931,0.250862,0.929647,-0.368350,-0.004991,0.007037,0.364742,-1.538982,-1.988099,-1.202177,1.567168,-0.451527,-0.232185,-4.352411,-16.060467,-0.247389,1.170087,-0.028914
3461.440707,0.467577,-0.008376,0.250779,0.929647,-0.368350,-0.004991,0.007037,0.365925,-1.539037,-1.988295,-1.201931,1.567188,-0.450344,-0.261851,-4.402739,-16.050431,-0.241375,1.173101,-0.030921
3461.460680,0.467576,-0.007821,0.250692,0.929647,-0.368350,-0.004991,0.007037,0.367107,-1.539096,-1.988498,-1.201672,1.567207,-0.449162,-2.214828,-5.783863,-16.619747,-0.219759,1.109391,-0.051743
3461.480692,0.467576,-0.007266,0.250620,0.929647,-0.368350,-0.004991,0.007037,0.368289,-1.539144,-1.988667,-1.201459,1.567227,-0.447980,-4.137143,-6.895394,-17.267889,-0.164692,1.037118,-0.012778
3461.500763,0.467576,-0.006711,0.250539,0.929647,-0.368350,-0.004991,0.007037,0.369471,-1.539202,-1.988854,-1.201220,1.567247,-0.446799,-0.680571,-4.782176,-16.170302,-0.206399,1.158154,-0.040910
3461.520784,0.467576,-0.006157,0.250453,0.929647,-0.368350,-0.004991,0.007037,0.370649,-1.539264,-1.989048,-1.200967,1.567267,-0.445621,-1.721732,-5.533632,-16.449426,-0.222769,1.105518,-0.055739
3461.540756,0.467576,-0.005603,0.250380,0.929647,-0.368350,-0.004991,0.007037,0.371830,-1.539318,-1.989215,-1.200750,1.567287,-0.444440,-3.905426,-6.632431,-17.227722,-0.186820,1.048189,0.000281
3461.560780,0.467576,-0.005048,0.250302,0.929647,-0.368350,-0.004991,0.007037,0.373009,-1.539377,-1.989391,-1.200519,1.567307,-0.443261,-1.313848,-5.151192,-16.319610,-0.186442,1.154430,-0.054892
3461.580749,0.467576,-0.004493,0.250217,0.929647,-0.368350,-0.004991,0.007037,0.374189,-1.539444,-1.989580,-1.200267,1.567327,-0.442082,-0.971081,-4.921131,-16.460360,-0.243445,1.136133,-0.046889
3461.600805,0.467576,-0.003939,0.250139,0.929647,-0.368350,-0.004991,0.007037,0.375365,-1.539506,-1.989754,-1.200035,1.567347,-0.440905,-3.637544,-6.328103,-17.187963,-0.205007,1.076102,-0.002631
3461.620820,0.467576,-0.003384,0.250064,0.929647,-0.368350,-0.004991,0.007037,0.376543,-1.539568,-1.989920,-1.199812,1.567367,-0.439727,-2.376981,-5.828708,-16.678906,-0.177549,1.129713,-0.062843
3461.650865,0.467576,-0.002829,0.249988,0.929647,-0.368350,-0.004991,0.007037,0.377721,-1.539631,-1.990084,-1.199588,1.567387,-0.438550,-2.904513,-6.177062,-17.078656,-0.171620,1.113815,-0.060810
3461.670878,0.467576,-0.002274,0.249905,0.929647,-0.368350,-0.004991,0.007037,0.378898,-1.539702,-1.990264,-1.199341,1.567407,-0.437373,-0.372162,-4.462402,-16.590465,-0.262390,1.177088,-0.031914
3461.690902,0.467575,-0.001720,0.249826,0.929647,-0.368350,-0.004991,0.007037,0.380073,-1.539772,-1.990435,-1.199104,1.567427,-0.436199,-2.977340,-6.098366,-17.157941,-0.210996,1.114111,-0.035636
3461.710920,0.467575,-0.001165,0.249754,0.929647,-0.368350,-0.004991,0.007037,0.381249,-1.539837,-1.990586,-1.198893,1.567446,-0.435023,-3.649096,-6.597428,-17.408085,-0.165604,1.089037,-0.041819
3461.730984,0.467575,-0.000610,0.249672,0.929647,-0.368350,-0.004991,0.007037,0.382424,-1.539912,-1.990760,-1.198647,1.567466,-0.433848,-0.282581,-4.382145,-16.540510,-0.249401,1.194071,-0.031909
3461.750868,0.467575,-0.000055,0.249590,0.929647,-0.368350,-0.004991,0.007037,0.383599,-1.539989,-1.990932,-1.198402,1.567486,-0.432673,-2.352143,-5.739455,-17.108442,-0.226949,1.132913,-0.054657
3461.770955,0.467575,0.000500,0.249519,0.929647,-0.368350,-0.004991,0.007037,0.384773,-1.540057,-1.991077,-1.198193,1.567506,-0.431499,-4.066550,-6.706440,-17.737822,-0.185647,1.067142,-0.018799
3461.791052,0.467575,0.001054,0.249439,0.929647,-0.368350,-0.004991,0.007037,0.385945,-1.540135,-1.991241,-1.197955,1.567526,-0.430327,-0.580868,-4.622565,-16.650331,-0.227383,1.190141,-0.044918
3461.811050,0.467575,0.001609,0.249354,0.929647,-0.368350,-0.004991,0.007037,0.387118,-1.540219,-1.991416,-1.197700,1.567546,-0.429154,-1.641158,-5.472223,-17.099373,-0.237830,1.145542,-0.058711
3461.840988,0.467575,0.002164,0.249268,0.929647,-0.368350,-0.004991,0.007037,0.388290,-1.540305,-1.991590,-1.197443,1.567566,-0.427982,-1.325512,-5.235682,-17.009810,-0.243680,1.148363,-0.054780
3461.861011,0.467575,0.002719,0.249191,0.929647,-0.368350,-0.004991,0.007037,0.389462,-1.540385,-1.991743,-1.197214,1.567586,-0.426810,-3.856356,-6.479205,-17.737834,-0.209960,1.081151,-0.003654
3461.891051,0.467575,0.003273,0.249113,0.929647,-0.368350,-0.004991,0.007037,0.390632,-1.540467,-1.991898,-1.196981,1.567605,-0.425641,-3.705808,-6.357827,-17.747781,-0.214019,1.093174,-0.009626
3461.911058,0.467575,0.003828,0.249037,0.929647,-0.368350,-0.004991,0.007037,0.391803,-1.540549,-1.992046,-1.196755,1.567625,-0.424470,-2.378804,-5.917367,-17.199103,-0.183607,1.144638,-0.065816
3461.931092,0.467575,0.004382,0.248953,0.929647,-0.368350,-0.004991,0.007037,0.392973,-1.540640,-1.992211,-1.196503,1.567645,-0.423300,-0.590357,-4.669065,-17.030296,-0.267534,1.165163,-0.035847
3461.951089,0.467575,0.004937,0.248875,0.929647,-0.368350,-0.004991,0.007037,0.394142,-1.540727,-1.992360,-1.196270,1.567665,-0.422131,-3.265880,-6.087998,-17.647788,-0.226012,1.105171,-0.030629
3461.981144,0.467574,0.005491,0.248792,0.929647,-0.368350,-0.004991,0.007037,0.395309,-1.540820,-1.992520,-1.196021,1.567685,-0.420964,-3.008436,-5.906910,-17.538062,-0.237059,1.111066,-0.042607
3462.001093,0.467574,0.006046,0.248720,0.929647,-0.368350,-0.004991,0.007037,0.396478,-1.540905,-1.992654,-1.195806,1.567705,-0.419796,-3.709639,-6.487005,-17.928145,-0.186623,1.087015,-0.046810
3462.021113,0.467574,0.006601,0.248638,0.929647,-0.368350,-0.004991,0.007037,0.397646,-1.541000,-1.992807,-1.195561,1.567724,-0.418628,-0.472025,-4.501220,-17.030457,-0.254441,1.192094,-0.032890
3462.051151,0.467574,0.007156,0.248557,0.929647,-0.368350,-0.004991,0.007037,0.398813,-1.541096,-1.992959,-1.195317,1.567744,-0.417461,-0.541360,-4.611185,-17.100389,-0.241442,1.195121,-0.039890
3462.071138,0.467574,0.007711,0.248473,0.929647,-0.368350,-0.004991,0.007037,0.399980,-1.541196,-1.993115,-1.195065,1.567764,-0.416294,-2.125645,-5.610315,-17.498805,-0.240912,1.144769,-0.062674
3462.091232,0.467574,0.008265,0.248403,0.929647,-0.368350,-0.004991,0.007037,0.401144,-1.541285,-1.993239,-1.194855,1.567784,-0.415130,-4.216104,-6.704595,-18.217784,-0.196727,1.074161,-0.010762
3462.111174,0.467574,0.008820,0.248324,0.929647,-0.368350,-0.004991,0.007037,0.402309,-1.541383,-1.993379,-1.194620,1.567804,-0.413965,-1.118522,-5.071125,-17.190095,-0.202445,1.189238,-0.053889
3462.131180,0.467574,0.009375,0.248239,0.929647,-0.368350,-0.004991,0.007037,0.403474,-1.541488,-1.993532,-1.194365,1.567823,-0.412800,-1.505365,-5.314790,-17.399799,-0.240719,1.149369,-0.056762
3462.151273,0.467574,0.009930,0.248166,0.929647,-0.368350,-0.004991,0.007037,0.404638,-1.541585,-1.993660,-1.194144,1.567843,-0.411636,-4.065457,-6.529884,-18.177736,-0.210930,1.088188,-0.005667
3462.171220,0.467574,0.010484,0.248090,0.929647,-0.368350,-0.004991,0.007037,0.405800,-1.541685,-1.993790,-1.193918,1.567863,-0.410475,-2.223287,-5.729603,-17.459560,-0.185511,1.169454,-0.067860
3462.191240,0.467574,0.011039,0.248007,0.929647,-0.368350,-0.004991,0.007037,0.406963,-1.541793,-1.993935,-1.193668,1.567883,-0.409312,-0.870075,-4.899502,-17.480264,-0.261515,1.176174,-0.042856
3462.211240,0.467574,0.011594,0.247926,0.929647,-0.368350,-0.004991,0.007037,0.408125,-1.541902,-1.994075,-1.193422,1.567903,-0.408150,-3.770764,-6.441429,-18.159335,-0.214864,1.110558,-0.017695
3462.241297,0.467574,0.012149,0.247846,0.929647,-0.368350,-0.004991,0.007037,0.409287,-1.542010,-1.994209,-1.193184,1.567922,-0.406988,-3.517936,-6.447463,-18.098007,-0.208035,1.121086,-0.028618
3462.261277,0.467574,0.012704,0.247775,0.929647,-0.368350,-0.004991,0.007037,0.410448,-1.542113,-1.994324,-1.192969,1.567942,-0.405828,-3.703310,-6.806738,-18.158532,-0.155634,1.113864,-0.054804
3462.281329,0.467574,0.013258,0.247694,0.929647,-0.368350,-0.004991,0.007037,0.411606,-1.542225,-1.994460,-1.192724,1.567962,-0.404669,-0.534339,-4.840995,-17.500697,-0.244451,1.207999,-0.032885
3462.301318,0.467574,0.013813,0.247613,0.929647,-0.368350,-0.004991,0.007037,0.412766,-1.542340,-1.994593,-1.192480,1.567981,-0.403510,-3.034078,-6.289736,-17.998643,-0.210937,1.137833,-0.048663
3462.331372,0.467574,0.014368,0.247529,0.929647,-0.368350,-0.004991,0.007037,0.413925,-1.542458,-1.994730,-1.192228,1.568001,-0.402351,-2.602028,-6.177224,-18.038439,-0.217046,1.151918,-0.056612
3462.351418,0.467574,0.014923,0.247460,0.929647,-0.368350,-0.004991,0.007037,0.415084,-1.542564,-1.994835,-1.192020,1.568021,-0.401192,-4.378202,-7.096481,-18.747996,-0.172645,1.092074,-0.022800
3462.371412,0.467574,0.015477,0.247382,0.929647,-0.368350,-0.004991,0.007037,0.416239,-1.542681,-1.994957,-1.191784,1.568041,-0.400037,-0.902619,-5.102025,-17.610514,-0.209406,1.214069,-0.046906
3462.391442,0.467573,0.016032,0.247300,0.929647,-0.368350,-0.004991,0.007037,0.417397,-1.542801,-1.995086,-1.191538,1.568060,-0.398880,-1.998253,-5.841430,-18.019073,-0.225864,1.164662,-0.061696
3462.421612,0.467573,0.016587,0.247218,0.929647,-0.368350,-0.004991,0.007037,0.418553,-1.542924,-1.995215,-1.191290,1.568080,-0.397723,-1.663619,-5.554742,-17.919618,-0.235721,1.173440,-0.058761
3462.441608,0.467573,0.017142,0.247139,0.929647,-0.368350,-0.004991,0.007037,0.419709,-1.543046,-1.995335,-1.191051,1.568100,-0.396568,-4.291548,-6.837764,-18.678386,-0.196022,1.100938,-0.008623
3462.471482,0.467573,0.017696,0.247064,0.929647,-0.368350,-0.004991,0.007037,0.420862,-1.543165,-1.995444,-1.190826,1.568119,-0.395415,-4.225601,-6.798682,-18.567756,-0.195982,1.108182,-0.011643
3462.491479,0.467573,0.018251,0.246989,0.929647,-0.368350,-0.004991,0.007037,0.422017,-1.543286,-1.995553,-1.190598,1.568139,-0.394260,-2.633278,-6.197760,-17.909568,-0.165590,1.171454,-0.066822
3462.521659,0.467573,0.018806,0.246915,0.929647,-0.368350,-0.004991,0.007037,0.423171,-1.543408,-1.995658,-1.190375,1.568159,-0.393106,-3.078371,-6.427923,-18.099056,-0.167583,1.148656,-0.064827
3462.541623,0.467573,0.019361,0.246833,0.929647,-0.368350,-0.004991,0.007037,0.424324,-1.543538,-1.995778,-1.190128,1.568178,-0.391953,-0.882590,-4.870553,-17.630519,-0.250470,1.196071,-0.035877
3462.561631,0.467573,0.019916,0.246752,0.929647,-0.368350,-0.004991,0.007037,0.425477,-1.543670,-1.995896,-1.189881,1.568198,-0.390801,-3.588824,-6.346759,-18.218104,-0.212066,1.120050,-0.039604
3462.581743,0.467573,0.020470,0.246674,0.929647,-0.368350,-0.004991,0.007037,0.426626,-1.543799,-1.996006,-1.189645,1.568218,-0.389651,-3.826369,-6.666808,-18.417845,-0.171063,1.101151,-0.049605
3462.611600,0.467573,0.021025,0.246603,0.929647,-0.368350,-0.004991,0.007037,0.427778,-1.543924,-1.996097,-1.189433,1.568237,-0.388500,-4.139381,-6.766729,-18.658119,-0.179635,1.081026,-0.038805
3462.631647,0.467573,0.021580,0.246522,0.929647,-0.368350,-0.004991,0.007037,0.428928,-1.544060,-1.996210,-1.189186,1.568257,-0.387350,-0.930783,-4.799182,-17.650339,-0.238529,1.179145,-0.040849
3462.651625,0.467573,0.022134,0.246440,0.929647,-0.368350,-0.004991,0.007037,0.430078,-1.544198,-1.996325,-1.188936,1.568277,-0.386200,-2.800776,-5.896464,-18.218310,-0.233078,1.120969,-0.063597
3462.671638,0.467573,0.022688,0.246369,0.929647,-0.368350,-0.004991,0.007037,0.431225,-1.544327,-1.996412,-1.188723,1.568296,-0.385053,-4.447590,-6.724989,-18.737938,-0.207710,1.067100,-0.018770
3462.691618,0.467573,0.023243,0.246293,0.929647,-0.368350,-0.004991,0.007037,0.432374,-1.544463,-1.996511,-1.188491,1.568316,-0.383905,-1.324883,-5.098772,-17.809730,-0.220547,1.168388,-0.057843
3462.711680,0.467573,0.023798,0.246210,0.929647,-0.368350,-0.004991,0.007037,0.433521,-1.544606,-1.996620,-1.188241,1.568335,-0.382757,-2.138464,-5.527187,-18.100109,-0.252615,1.117241,-0.060810
3462.731680,0.467573,0.024353,0.246135,0.929647,-0.368350,-0.004991,0.007037,0.434668,-1.544744,-1.996714,-1.188012,1.568355,-0.381610,-4.365060,-6.556145,-18.797709,-0.228092,1.069204,-0.011592
3462.751695,0.467573,0.024907,0.246062,0.929647,-0.368350,-0.004991,0.007037,0.435813,-1.544881,-1.996800,-1.187792,1.568375,-0.380466,-2.238753,-5.678549,-18.049092,-0.198556,1.156640,-0.071839
3462.771779,0.467573,0.025462,0.245981,0.929647,-0.368350,-0.004991,0.007037,0.436959,-1.545027,-1.996902,-1.187546,1.568394,-0.379321,-1.499466,-5.198639,-18.090206,-0.263552,1.133200,-0.050839
3462.791745,0.467573,0.026017,0.245903,0.929647,-0.368350,-0.004991,0.007037,0.438103,-1.545173,-1.996997,-1.187308,1.568414,-0.378176,-4.066934,-6.305971,-18.647908,-0.241100,1.078127,-0.025588
3462.821762,0.467573,0.026572,0.245823,0.929647,-0.368350,-0.004991,0.007037,0.439248,-1.545321,-1.997095,-1.187065,1.568433,-0.377032,-3.826795,-6.186724,-18.467890,-0.240067,1.077133,-0.034603
3462.841766,0.467573,0.027127,0.245750,0.929647,-0.368350,-0.004991,0.007037,0.440391,-1.545465,-1.997177,-1.186842,1.568453,-0.375888,-3.519347,-6.365365,-18.478122,-0.193693,1.089027,-0.062777
3462.871860,0.467573,0.027681,0.245676,0.929647,-0.368350,-0.004991,0.007037,0.441532,-1.545610,-1.997257,-1.186619,1.568472,-0.374748,-3.948006,-6.466073,-18.437977,-0.197663,1.067082,-0.049792
3462.891803,0.467573,0.028236,0.245597,0.929647,-0.368350,-0.004991,0.007037,0.442674,-1.545763,-1.997349,-1.186378,1.568492,-0.373606,-0.905104,-4.629071,-17.509751,-0.260534,1.153379,-0.036848
3462.911861,0.467573,0.028791,0.245514,0.929647,-0.368350,-0.004991,0.007037,0.443816,-1.545920,-1.997447,-1.186125,1.568511,-0.372464,-2.884186,-5.790456,-17.948652,-0.248906,1.079829,-0.062677
3462.931881,0.467573,0.029346,0.245441,0.929647,-0.368350,-0.004991,0.007037,0.444956,-1.546069,-1.997522,-1.185904,1.568531,-0.371324,-4.236073,-6.583369,-18.487786,-0.222780,1.026162,-0.025738
3462.961911,0.467573,0.029900,0.245363,0.929647,-0.368350,-0.004991,0.007037,0.446094,-1.546225,-1.997607,-1.185665,1.568550,-0.370186,-4.175663,-6.339679,-18.257759,-0.234939,1.030179,-0.018663
3462.982229,0.467573,0.030455,0.245283,0.929647,-0.368350,-0.004991,0.007037,0.447234,-1.546383,-1.997693,-1.185423,1.568570,-0.369047,-1.641433,-5.237931,-17.459375,-0.213583,1.128530,-0.063826
3463.001930,0.467573,0.031010,0.245198,0.929647,-0.368350,-0.004991,0.007037,0.448372,-1.546548,-1.997790,-1.185164,1.568589,-0.367909,-1.818050,-5.189192,-17.480056,-0.260528,1.087258,-0.056850
3463.021912,0.467573,0.031565,0.245117,0.929647,-0.368350,-0.004991,0.007037,0.449510,-1.546711,-1.997876,-1.184917,1.568609,-0.366771,-4.065715,-6.047269,-18.027774,-0.245043,1.038177,-0.017615
3463.051900,0.467572,0.032119,0.245032,0.929647,-0.368350,-0.004991,0.007037,0.450645,-1.546879,-1.997971,-1.184657,1.568628,-0.365636,-3.827175,-5.966288,-17.807932,-0.249086,1.044117,-0.025594
3463.071987,0.467572,0.032674,0.244955,0.929647,-0.368350,-0.004991,0.007037,0.451781,-1.547042,-1.998047,-1.184421,1.568648,-0.364500,-3.110780,-6.116862,-17.708265,-0.203629,1.067968,-0.068807
3463.092047,0.467572,0.033229,0.244869,0.929647,-0.368350,-0.004991,0.007037,0.452917,-1.547213,-1.998138,-1.184160,1.568667,-0.363365,-1.119475,-4.679819,-17.220201,-0.276501,1.111199,-0.035863
3463.111988,0.467572,0.033784,0.244782,0.929647,-0.368350,-0.004991,0.007037,0.454051,-1.547387,-1.998232,-1.183895,1.568686,-0.362230,-3.469211,-5.827150,-17.678143,-0.256049,1.044034,-0.050611
3463.132017,0.467572,0.034339,0.244707,0.929647,-0.368350,-0.004991,0.007037,0.455186,-1.547552,-1.998299,-1.183666,1.568706,-0.361096,-3.876788,-6.385636,-18.097851,-0.218682,1.031133,-0.049783
3463.152000,0.467572,0.034893,0.244625,0.929647,-0.368350,-0.004991,0.007037,0.456317,-1.547725,-1.998378,-1.183416,1.568725,-0.359965,-1.127216,-4.679861,-17.319966,-0.262500,1.115292,-0.040864
3463.172019,0.467572,0.035448,0.244540,0.929647,-0.368350,-0.004991,0.007037,0.457449,-1.547902,-1.998464,-1.183155,1.568745,-0.358833,-2.784320,-5.546191,-17.829684,-0.267658,1.058412,-0.067791
3463.192054,0.467572,0.036003,0.244464,0.929647,-0.368350,-0.004991,0.007037,0.458581,-1.548072,-1.998527,-1.182924,1.568764,-0.357701,-4.234449,-6.342335,-18.487619,-0.241824,1.021229,-0.024717
3463.222063,0.467572,0.036558,0.244387,0.929647,-0.368350,-0.004991,0.007037,0.459712,-1.548245,-1.998592,-1.182688,1.568783,-0.356570,-4.364897,-6.309247,-18.807679,-0.244958,1.026211,-0.018655
3463.242112,0.467572,0.037112,0.244310,0.929647,-0.368350,-0.004991,0.007037,0.460841,-1.548419,-1.998655,-1.182453,1.568803,-0.355442,-1.981160,-5.357972,-17.949346,-0.218581,1.117541,-0.066827
3463.262157,0.467572,0.037667,0.244228,0.929647,-0.368350,-0.004991,0.007037,0.461970,-1.548600,-1.998728,-1.182202,1.568822,-0.354313,-1.877429,-5.178636,-18.129995,-0.274552,1.087283,-0.058839
3463.282167,0.467572,0.038222,0.244151,0.929647,-0.368350,-0.004991,0.007037,0.463099,-1.548777,-1.998788,-1.181968,1.568842,-0.353184,-4.375139,-6.178394,-18.697709,-0.253995,1.030201,-0.022637
3463.302152,0.467572,0.038777,0.244076,0.929647,-0.368350,-0.004991,0.007037,0.464227,-1.548955,-1.998844,-1.181736,1.568861,-0.352056,-2.865428,-5.876315,-18.028755,-0.211653,1.094777,-0.073795
3463.322250,0.467572,0.039331,0.243993,0.929647,-0.368350,-0.004991,0.007037,0.465352,-1.549140,-1.998915,-1.181482,1.568880,-0.350931,-1.299990,-4.800020,-17.860253,-0.283493,1.119178,-0.045867
3463.352267,0.467572,0.039886,0.243910,0.929647,-0.368350,-0.004991,0.007037,0.466479,-1.549327,-1.998983,-1.181228,1.568899,-0.349805,-1.140623,-4.671426,-17.760311,-0.284432,1.132152,-0.040895
3463.372207,0.467572,0.040441,0.243825,0.929647,-0.368350,-0.004991,0.007037,0.467604,-1.549518,-1.999055,-1.180968,1.568919,-0.348679,-3.602505,-5.888726,-18.348483,-0.269981,1.060898,-0.049642
3463.392222,0.467572,0.040996,0.243752,0.929647,-0.368350,-0.004991,0.007037,0.468729,-1.549699,-1.999098,-1.180746,1.568938,-0.347554,-4.128331,-6.477150,-18.578006,-0.217616,1.039069,-0.056813
3463.412199,0.467572,0.041551,0.243672,0.929647,-0.368350,-0.004991,0.007037,0.469853,-1.549888,-1.999156,-1.180502,1.568957,-0.346431,-1.049415,-4.770922,-17.780189,-0.271454,1.134201,-0.041885
3463.442268,0.467572,0.042105,0.243591,0.929647,-0.368350,-0.004991,0.007037,0.470975,-1.550079,-1.999214,-1.180254,1.568977,-0.345309,-1.088300,-4.820620,-17.740075,-0.264467,1.133247,-0.047879
3463.472271,0.467572,0.042660,0.243511,0.929647,-0.368350,-0.004991,0.007037,0.472097,-1.550271,-1.999270,-1.180009,1.568996,-0.344187,-1.256717,-5.000494,-17.819911,-0.249472,1.134312,-0.054877
3463.492288,0.467572,0.043215,0.243426,0.929647,-0.368350,-0.004991,0.007037,0.473219,-1.550469,-1.999334,-1.179749,1.569015,-0.343065,-2.223525,-5.345094,-18.259606,-0.282706,1.092444,-0.070769
3463.512360,0.467572,0.043770,0.243353,0.929647,-0.368350,-0.004991,0.007037,0.474340,-1.550658,-1.999373,-1.179523,1.569034,-0.341944,-4.474502,-6.461086,-18.887630,-0.247878,1.027227,-0.021692
3463.532288,0.467572,0.044324,0.243276,0.929647,-0.368350,-0.004991,0.007037,0.475458,-1.550851,-1.999415,-1.179289,1.569054,-0.340826,-2.041013,-5.528040,-17.979331,-0.220578,1.124547,-0.068829
3463.562343,0.467572,0.044879,0.243201,0.929647,-0.368350,-0.004991,0.007037,0.476578,-1.551045,-1.999456,-1.179056,1.569073,-0.339707,-2.647551,-5.848546,-18.078967,-0.213556,1.117690,-0.072840
3463.592320,0.467572,0.045433,0.243123,0.929647,-0.368350,-0.004991,0.007037,0.477696,-1.551243,-1.999498,-1.178819,1.569092,-0.338589,-3.144211,-6.286242,-18.308628,-0.210656,1.098827,-0.070794
3463.612351,0.467571,0.045988,0.243041,0.929647,-0.368350,-0.004991,0.007037,0.478814,-1.551446,-1.999549,-1.178566,1.569111,-0.337471,-1.041576,-4.931177,-18.080411,-0.284443,1.147112,-0.043890
3463.632409,0.467571,0.046542,0.242959,0.929647,-0.368350,-0.004991,0.007037,0.479929,-1.551649,-1.999597,-1.178317,1.569130,-0.336356,-3.718225,-6.196858,-18.628040,-0.261061,1.066074,-0.042606
3463.662385,0.467571,0.047097,0.242876,0.929647,-0.368350,-0.004991,0.007037,0.481045,-1.551856,-1.999647,-1.178062,1.569149,-0.335240,-3.389200,-6.007466,-18.608140,-0.263035,1.074034,-0.053618
3463.682434,0.467571,0.047652,0.242804,0.929647,-0.368350,-0.004991,0.007037,0.482161,-1.552055,-1.999672,-1.177840,1.569169,-0.334125,-4.288184,-6.636796,-18.967992,-0.218632,1.045075,-0.051806
3463.712489,0.467571,0.048207,0.242733,0.929647,-0.368350,-0.004991,0.007037,0.483275,-1.552253,-1.999692,-1.177623,1.569188,-0.333011,-4.537042,-6.786448,-19.357874,-0.230647,1.040122,-0.043800
3463.732495,0.467571,0.048762,0.242658,0.929647,-0.368350,-0.004991,0.007037,0.484389,-1.552457,-1.999722,-1.177391,1.569207,-0.331897,-0.965698,-5.050348,-18.289806,-0.260478,1.163354,-0.049874
3463.752460,0.467571,0.049316,0.242576,0.929647,-0.368350,-0.004991,0.007037,0.485500,-1.552669,-1.999763,-1.177140,1.569226,-0.330786,-2.506477,-5.740092,-18.798893,-0.277922,1.117735,-0.069669
3463.782535,0.467571,0.049871,0.242493,0.929647,-0.368350,-0.004991,0.007037,0.486612,-1.552883,-1.999804,-1.176887,1.569245,-0.329674,-2.172163,-5.552226,-18.829477,-0.283830,1.116501,-0.071711
3463.802535,0.467571,0.050426,0.242422,0.929647,-0.368350,-0.004991,0.007037,0.487723,-1.553088,-1.999820,-1.176668,1.569264,-0.328563,-4.415764,-6.491301,-19.587762,-0.264869,1.050175,-0.026696
3463.822527,0.467571,0.050981,0.242351,0.929647,-0.368350,-0.004991,0.007037,0.488834,-1.553294,-1.999834,-1.176450,1.569283,-0.327453,-2.062677,-5.748880,-18.779500,-0.223542,1.151479,-0.069845
3463.842551,0.467571,0.051535,0.242271,0.929647,-0.368350,-0.004991,0.007037,0.489942,-1.553509,-1.999865,-1.176205,1.569302,-0.326345,-1.779401,-5.307341,-18.900205,-0.287609,1.125202,-0.059813
3463.872619,0.467571,0.052090,0.242194,0.929647,-0.368350,-0.004991,0.007037,0.491051,-1.553724,-1.999890,-1.175966,1.569321,-0.325236,-1.448143,-5.040319,-18.860060,-0.302480,1.151254,-0.055873
3463.902612,0.467571,0.052645,0.242114,0.929647,-0.368350,-0.004991,0.007037,0.492159,-1.553943,-1.999918,-1.175721,1.569340,-0.324129,-1.359903,-5.079847,-18.790245,-0.296500,1.156181,-0.047863
3463.922598,0.467571,0.053200,0.242037,0.929647,-0.368350,-0.004991,0.007037,0.493266,-1.554161,-1.999938,-1.175485,1.569359,-0.323022,-3.987236,-6.116249,-19.407938,-0.286088,1.082115,-0.045594
3463.942628,0.467571,0.053754,0.241970,0.929647,-0.368350,-0.004991,0.007037,0.494370,-1.554370,-1.999936,-1.175280,1.569378,-0.321917,-4.040825,-6.556778,-19.488270,-0.228632,1.077967,-0.069805
3463.972642,0.467571,0.054309,0.241901,0.929647,-0.368350,-0.004991,0.007037,0.495476,-1.554583,-1.999937,-1.175067,1.569397,-0.320812,-4.356389,-6.555518,-19.627809,-0.239687,1.065149,-0.062781
3463.992699,0.467571,0.054864,0.241826,0.929647,-0.368350,-0.004991,0.007037,0.496580,-1.554803,-1.999948,-1.174837,1.569416,-0.319707,-1.179820,-4.901147,-18.850230,-0.292444,1.169185,-0.047889
3464.012692,0.467571,0.055419,0.241748,0.929647,-0.368350,-0.004991,0.007037,0.497684,-1.555027,-1.999965,-1.174598,1.569435,-0.318604,-3.311754,-5.868277,-19.338406,-0.288000,1.098929,-0.071634
3464.032688,0.467571,0.055974,0.241683,0.929647,-0.368350,-0.004991,0.007037,0.498787,-1.555242,-1.999953,-1.174397,1.569454,-0.317501,-4.687042,-6.745982,-19.937876,-0.254667,1.041122,-0.043790
3464.062728,0.467571,0.056528,0.241616,0.929647,-0.368350,-0.004991,0.007037,0.499887,-1.555459,-1.999944,-1.174190,1.569473,-0.316401,-4.665681,-6.654668,-19.857739,-0.259724,1.048178,-0.035764
3464.082745,0.467571,0.057083,0.241545,0.929647,-0.368350,-0.004991,0.007037,0.500989,-1.555681,-1.999942,-1.173971,1.569492,-0.315300,-1.566360,-5.369965,-18.779877,-0.249495,1.164327,-0.062866
3464.102760,0.467571,0.057638,0.241465,0.929647,-0.368350,-0.004991,0.007037,0.502089,-1.555913,-1.999957,-1.173726,1.569511,-0.314199,-2.253768,-5.423586,-18.899638,-0.292771,1.122434,-0.070738
3464.122769,0.467571,0.058193,0.241393,0.929647,-0.368350,-0.004991,0.007037,0.503189,-1.556139,-1.999952,-1.173506,1.569530,-0.313100,-4.564635,-6.278952,-19.497653,-0.277971,1.059222,-0.029649
3464.152789,0.467571,0.058747,0.241318,0.929647,-0.368350,-0.004991,0.007037,0.504286,-1.556369,-1.999955,-1.173275,1.569549,-0.312003,-4.275485,-6.037847,-19.217747,-0.287018,1.071187,-0.032626
3464.172786,0.467571,0.059302,0.241245,0.929647,-0.368350,-0.004991,0.007037,0.505383,-1.556600,-1.999952,-1.173049,1.569568,-0.310906,-2.971789,-6.016864,-18.548371,-0.234629,1.123927,-0.078807
3464.192807,0.467571,0.059857,0.241166,0.929647,-0.368350,-0.004991,0.007037,0.506480,-1.556836,-1.999958,-1.172807,1.569587,-0.309809,-1.338599,-4.900259,-18.340108,-0.299482,1.145235,-0.049872
3464.242882,0.467571,0.060412,0.241080,0.929647,-0.368350,-0.004991,0.007037,0.507577,-1.557081,-1.999978,-1.172544,1.569606,-0.308713,-3.558226,-5.586681,-18.688041,-0.297069,1.076074,-0.061602
3464.262909,0.467571,0.060966,0.241007,0.929647,-0.368350,-0.004991,0.007037,0.508670,-1.557315,-1.999971,-1.172318,1.569624,-0.307620,-4.368809,-6.415097,-19.028066,-0.245705,1.039050,-0.056772
3464.292897,0.467571,0.061521,0.240935,0.929647,-0.368350,-0.004991,0.007037,0.509764,-1.557550,-1.999958,-1.172097,1.569643,-0.306525,-4.496619,-6.345401,-19.107834,-0.261692,1.018140,-0.047779
3464.312909,0.467571,0.062076,0.240856,0.929647,-0.368350,-0.004991,0.007037,0.510858,-1.557793,-1.999960,-1.171854,1.569662,-0.305432,-1.398637,-4.899707,-18.020114,-0.266506,1.125234,-0.056861
3464.332954,0.467571,0.062631,0.240773,0.929647,-0.368350,-0.004991,0.007037,0.511951,-1.558041,-1.999967,-1.171600,1.569681,-0.304339,-2.546402,-5.261433,-18.428880,-0.299864,1.079738,-0.077696
3464.363045,0.467571,0.063186,0.240689,0.929647,-0.368350,-0.004991,0.007037,0.513043,-1.558291,-1.999977,-1.171341,1.569700,-0.303248,-2.171831,-5.043664,-18.329436,-0.299767,1.078514,-0.074740
3464.393033,0.467571,0.063740,0.240604,0.929647,-0.368350,-0.004991,0.007037,0.514132,-1.558543,-1.999986,-1.171080,1.569719,-0.302159,-1.806640,-4.916988,-18.299921,-0.305624,1.089316,-0.064806
3464.413036,0.467571,0.064295,0.240526,0.929647,-0.368350,-0.004991,0.007037,0.515222,-1.558791,-1.999981,-1.170839,1.569737,-0.301069,-4.095200,-5.748426,-18.907715,-0.298993,1.037198,-0.037638
3464.432994,0.467571,0.064850,0.240453,0.929647,-0.368350,-0.004991,0.007037,0.516311,-1.559036,-1.999962,-1.170614,1.569756,-0.299980,-3.185898,-5.995862,-18.628807,-0.240672,1.070758,-0.080786
3464.453016,0.467571,0.065405,0.240373,0.929647,-0.368350,-0.004991,0.007037,0.517399,-1.559288,-1.999955,-1.170371,1.569775,-0.298892,-1.487136,-4.739657,-18.299959,-0.305508,1.106295,-0.050860
3464.483072,0.467571,0.065959,0.240292,0.929647,-0.368350,-0.004991,0.007037,0.518485,-1.559542,-1.999951,-1.170122,1.569793,-0.297806,-1.378873,-4.639302,-18.370141,-0.302524,1.110224,-0.049852
3464.503047,0.467571,0.066514,0.240212,0.929647,-0.368350,-0.004991,0.007037,0.519571,-1.559798,-1.999944,-1.169874,1.569812,-0.296720,-3.448977,-5.458740,-18.858112,-0.303980,1.052043,-0.071644
3464.523096,0.467571,0.067069,0.240140,0.929647,-0.368350,-0.004991,0.007037,0.520657,-1.560047,-1.999916,-1.169654,1.569831,-0.295634,-4.418898,-6.355181,-19.338075,-0.256701,1.007046,-0.059774
3464.543072,0.467571,0.067624,0.240064,0.929647,-0.368350,-0.004991,0.007037,0.521742,-1.560302,-1.999896,-1.169420,1.569850,-0.294550,-1.537222,-4.870283,-18.269965,-0.278481,1.096292,-0.053873
3464.563152,0.467571,0.068178,0.239983,0.929647,-0.368350,-0.004991,0.007037,0.522824,-1.560562,-1.999887,-1.169170,1.569868,-0.293468,-2.892098,-5.339486,-18.738437,-0.301948,1.052915,-0.080658
3464.593109,0.467571,0.068733,0.239901,0.929647,-0.368350,-0.004991,0.007037,0.523907,-1.560825,-1.999876,-1.168919,1.569887,-0.292385,-2.575783,-5.251484,-18.728815,-0.301861,1.056763,-0.078697
3464.613164,0.467571,0.069288,0.239829,0.929647,-0.368350,-0.004991,0.007037,0.524989,-1.561080,-1.999842,-1.168699,1.569906,-0.291303,-4.425098,-5.932781,-19.417686,-0.291805,1.006202,-0.034726
3464.633166,0.467571,0.069843,0.239757,0.929647,-0.368350,-0.004991,0.007037,0.526070,-1.561337,-1.999809,-1.168476,1.569924,-0.290222,-2.312264,-5.467999,-18.629461,-0.242580,1.090496,-0.077827
3464.663261,0.467571,0.070398,0.239681,0.929647,-0.368350,-0.004991,0.007037,0.527150,-1.561598,-1.999781,-1.168243,1.569943,-0.289142,-2.760541,-5.675623,-18.739293,-0.239683,1.088567,-0.084780
3464.683261,0.467571,0.070952,0.239603,0.929647,-0.368350,-0.004991,0.007037,0.528228,-1.561863,-1.999757,-1.168004,1.569961,-0.288065,-1.688664,-4.799093,-18.640120,-0.311533,1.089233,-0.061848
3464.703223,0.467571,0.071507,0.239525,0.929647,-0.368350,-0.004991,0.007037,0.529306,-1.562129,-1.999731,-1.167765,1.569980,-0.286986,-4.155950,-5.697672,-19.117797,-0.298026,1.022168,-0.051623
3464.733236,0.467571,0.072062,0.239445,0.929647,-0.368350,-0.004991,0.007037,0.530384,-1.562399,-1.999708,-1.167518,1.569999,-0.285909,-3.956956,-5.607076,-18.927906,-0.300052,1.024126,-0.062610
3464.753259,0.467571,0.072617,0.239374,0.929647,-0.368350,-0.004991,0.007037,0.531461,-1.562662,-1.999665,-1.167299,1.570017,-0.284832,-4.121086,-6.226665,-19.048298,-0.249637,1.014956,-0.075803
3464.783294,0.467571,0.073171,0.239303,0.929647,-0.368350,-0.004991,0.007037,0.532535,-1.562926,-1.999619,-1.167082,1.570036,-0.283758,-4.428925,-6.267219,-19.208069,-0.257613,1.005045,-0.064815
3464.803290,0.467571,0.073726,0.239224,0.929647,-0.368350,-0.004991,0.007037,0.533610,-1.563199,-1.999589,-1.166840,1.570054,-0.282684,-1.389148,-4.769392,-18.240169,-0.284520,1.112213,-0.058854
3464.833294,0.467571,0.074281,0.239146,0.929647,-0.368350,-0.004991,0.007037,0.534684,-1.563472,-1.999556,-1.166600,1.570073,-0.281610,-1.518502,-4.949260,-18.310103,-0.269526,1.116239,-0.065852
3464.853315,0.467571,0.074836,0.239062,0.929647,-0.368350,-0.004991,0.007037,0.535757,-1.563752,-1.999533,-1.166345,1.570091,-0.280537,-2.574619,-5.289972,-18.708699,-0.298927,1.065811,-0.083667
3464.883401,0.467571,0.075390,0.238979,0.929647,-0.368350,-0.004991,0.007037,0.536827,-1.564033,-1.999508,-1.166088,1.570110,-0.279467,-2.289224,-5.192515,-18.589170,-0.295817,1.066621,-0.077717
3464.903502,0.467571,0.075945,0.238903,0.929647,-0.368350,-0.004991,0.007037,0.537898,-1.564309,-1.999466,-1.165855,1.570128,-0.278396,-4.485216,-5.929812,-19.247711,-0.282934,1.014198,-0.037666
3464.933390,0.467571,0.076500,0.238823,0.929647,-0.368350,-0.004991,0.007037,0.538968,-1.564590,-1.999430,-1.165612,1.570146,-0.277326,-4.456124,-5.887210,-19.197817,-0.283046,1.016161,-0.044613
3464.953595,0.467571,0.077055,0.238751,0.929647,-0.368350,-0.004991,0.007037,0.540038,-1.564866,-1.999378,-1.165388,1.570165,-0.276256,-3.109243,-5.977400,-18.719149,-0.226606,1.075620,-0.087816
3464.983478,0.467571,0.077610,0.238679,0.929647,-0.368350,-0.004991,0.007037,0.541106,-1.565142,-1.999322,-1.165169,1.570183,-0.275188,-3.603968,-6.237054,-18.998599,-0.232621,1.052837,-0.085810
3465.003493,0.467571,0.078164,0.238597,0.929647,-0.368350,-0.004991,0.007037,0.542172,-1.565428,-1.999286,-1.164919,1.570202,-0.274123,-1.260250,-4.777566,-18.480292,-0.297599,1.119167,-0.055817
3465.033694,0.467571,0.078719,0.238518,0.929647,-0.368350,-0.004991,0.007037,0.543239,-1.565715,-1.999245,-1.164675,1.570220,-0.273056,-1.280115,-4.818541,-18.440273,-0.291557,1.124173,-0.055837
3465.053652,0.467571,0.079274,0.238435,0.929647,-0.368350,-0.004991,0.007037,0.544304,-1.566006,-1.999208,-1.164421,1.570239,-0.271991,-3.442349,-5.648271,-18.998468,-0.288000,1.052905,-0.081633
3465.073526,0.467571,0.079829,0.238365,0.929647,-0.368350,-0.004991,0.007037,0.545369,-1.566286,-1.999143,-1.164207,1.570257,-0.270926,-4.639165,-6.475312,-19.478103,-0.251696,1.003035,-0.059776
3465.093697,0.467571,0.080383,0.238291,0.929647,-0.368350,-0.004991,0.007037,0.546431,-1.566571,-1.999086,-1.163979,1.570275,-0.269864,-1.485799,-5.059118,-18.439823,-0.264532,1.110350,-0.063849
3465.123522,0.467571,0.080938,0.238213,0.929647,-0.368350,-0.004991,0.007037,0.547494,-1.566861,-1.999033,-1.163742,1.570294,-0.268801,-1.687931,-5.168912,-18.450045,-0.253541,1.107263,-0.071845
3465.143580,0.467571,0.081493,0.238131,0.929647,-0.368350,-0.004991,0.007037,0.548556,-1.567157,-1.998989,-1.163491,1.570312,-0.267740,-2.515114,-5.264917,-18.789772,-0.293713,1.065379,-0.082765
3465.173770,0.467571,0.082048,0.238050,0.929647,-0.368350,-0.004991,0.007037,0.549617,-1.567454,-1.998942,-1.163242,1.570330,-0.266679,-2.256177,-5.176867,-18.769873,-0.292629,1.061335,-0.076804
3465.193619,0.467571,0.082602,0.237973,0.929647,-0.368350,-0.004991,0.007037,0.550675,-1.567747,-1.998884,-1.163007,1.570348,-0.265621,-4.415342,-5.837738,-19.427733,-0.293023,1.006193,-0.045624
3465.223604,0.467571,0.083157,0.237895,0.929647,-0.368350,-0.004991,0.007037,0.551734,-1.568043,-1.998827,-1.162768,1.570367,-0.264562,-4.346128,-5.797995,-19.347815,-0.292012,1.009160,-0.052629
3465.243637,0.467571,0.083712,0.237823,0.929647,-0.368350,-0.004991,0.007037,0.552792,-1.568334,-1.998754,-1.162550,1.570385,-0.263504,-3.376738,-6.096038,-19.068894,-0.230665,1.053723,-0.090789
3465.273695,0.467571,0.084267,0.237752,0.929647,-0.368350,-0.004991,0.007037,0.553850,-1.568627,-1.998680,-1.162332,1.570403,-0.262447,-3.889835,-6.256460,-19.388168,-0.238646,1.035007,-0.085799
3465.303724,0.467571,0.084822,0.237680,0.929647,-0.368350,-0.004991,0.007037,0.554906,-1.568922,-1.998606,-1.162112,1.570421,-0.261390,-4.158347,-6.285004,-19.488018,-0.251709,1.019069,-0.077770
3465.333711,0.467571,0.085376,0.237609,0.929647,-0.368350,-0.004991,0.007037,0.555959,-1.569217,-1.998528,-1.161895,1.570440,-0.260337,-4.506341,-6.323413,-19.697814,-0.255778,1.008151,-0.066738
3465.353757,0.467571,0.085931,0.237536,0.929647,-0.368350,-0.004991,0.007037,0.557014,-1.569515,-1.998454,-1.161671,1.570458,-0.259283,-1.656578,-4.938691,-18.709906,-0.271550,1.104318,-0.063840
3465.383729,0.467571,0.086486,0.237460,0.929647,-0.368350,-0.004991,0.007037,0.558067,-1.569817,-1.998382,-1.161441,1.570476,-0.258229,-1.753557,-5.047488,-18.599598,-0.259602,1.101443,-0.070817
3465.403774,0.467571,0.087041,0.237377,0.929647,-0.368350,-0.004991,0.007037,0.559120,-1.570128,-1.998324,-1.161189,1.570494,-0.257177,-2.761939,-5.222012,-18.929455,-0.298839,1.047510,-0.086707
3465.433822,0.467571,0.087595,0.237297,0.929647,-0.368350,-0.004991,0.007037,0.560170,-1.570437,-1.998262,-1.160942,1.570512,-0.256128,-2.484271,-5.096163,-18.789679,-0.298659,1.049414,-0.081790
3465.453859,0.467571,0.088150,0.237221,0.929647,-0.368350,-0.004991,0.007037,0.561220,-1.570744,-1.998186,-1.160711,1.570530,-0.255077,-4.435059,-5.649070,-19.337697,-0.300966,0.999204,-0.047651
3465.473823,0.467571,0.088705,0.237149,0.929647,-0.368350,-0.004991,0.007037,0.562270,-1.571048,-1.998101,-1.160492,1.570548,-0.254028,-2.974139,-5.706361,-18.818620,-0.237651,1.059830,-0.091796
3465.503870,0.467571,0.089260,0.237075,0.929647,-0.368350,-0.004991,0.007037,0.563319,-1.571355,-1.998019,-1.160268,1.570566,-0.252979,-3.351578,-5.925705,-19.008355,-0.244679,1.040936,-0.091784
3465.533906,0.467571,0.089814,0.237003,0.929647,-0.368350,-0.004991,0.007037,0.564364,-1.571662,-1.997932,-1.160048,1.570585,-0.251933,-3.899144,-6.135717,-19.238099,-0.246678,1.012036,-0.087784
3465.563905,0.467571,0.090369,0.236930,0.929647,-0.368350,-0.004991,0.007037,0.565411,-1.571972,-1.997845,-1.159826,1.570603,-0.250887,-4.237585,-6.185018,-19.327938,-0.248708,0.998100,-0.077771
3465.593918,0.467571,0.090924,0.236858,0.929647,-0.368350,-0.004991,0.007037,0.566457,-1.572281,-1.997753,-1.159608,1.570621,-0.249841,-4.506174,-6.194604,-19.497791,-0.258726,0.991158,-0.068763
3465.613921,0.467571,0.091479,0.236783,0.929647,-0.368350,-0.004991,0.007037,0.567502,-1.572596,-1.997669,-1.159377,1.570639,-0.248796,-1.670816,-4.905156,-18.609324,-0.273703,1.083556,-0.067770
3465.634036,0.467571,0.092034,0.236701,0.929647,-0.368350,-0.004991,0.007037,0.568546,-1.572918,-1.997597,-1.159128,1.570657,-0.247753,-2.957659,-5.270444,-18.889015,-0.295906,1.026686,-0.091676
3465.663992,0.467571,0.092588,0.236617,0.929647,-0.368350,-0.004991,0.007037,0.569587,-1.573243,-1.997526,-1.158875,1.570675,-0.246712,-2.541890,-5.033368,-18.669444,-0.302780,1.037512,-0.087734
3465.684088,0.467571,0.093143,0.236540,0.929647,-0.368350,-0.004991,0.007037,0.570629,-1.573564,-1.997441,-1.158639,1.570693,-0.245670,-4.195795,-5.558504,-19.247777,-0.301990,0.993174,-0.048639
3465.704099,0.467571,0.093698,0.236466,0.929647,-0.368350,-0.004991,0.007037,0.571670,-1.573882,-1.997346,-1.158415,1.570711,-0.244629,-2.606961,-5.565825,-18.678918,-0.238674,1.058714,-0.090785
3465.734040,0.467571,0.094253,0.236390,0.929647,-0.368350,-0.004991,0.007037,0.572710,-1.574203,-1.997254,-1.158186,1.570729,-0.243589,-3.093478,-5.735027,-18.748557,-0.244708,1.042858,-0.095769
3465.764095,0.467571,0.094807,0.236316,0.929647,-0.368350,-0.004991,0.007037,0.573747,-1.574524,-1.997158,-1.157961,1.570746,-0.242552,-3.620985,-6.006769,-18.838287,-0.242633,1.012960,-0.090805
3465.794061,0.467571,0.095362,0.236240,0.929647,-0.368350,-0.004991,0.007037,0.574785,-1.574849,-1.997064,-1.157731,1.570764,-0.241514,-4.098755,-6.185074,-18.918061,-0.242706,0.985052,-0.085771
3465.814138,0.467571,0.095917,0.236162,0.929647,-0.368350,-0.004991,0.007037,0.575822,-1.575177,-1.996972,-1.157495,1.570782,-0.240478,-1.709577,-4.866097,-18.179190,-0.279662,1.056607,-0.060790
3465.834091,0.467571,0.096472,0.236078,0.929647,-0.368350,-0.004991,0.007037,0.576858,-1.575512,-1.996893,-1.157238,1.570800,-0.239442,-3.442053,-5.398242,-18.528437,-0.287002,0.995917,-0.090633
3465.864119,0.467571,0.097026,0.235993,0.929647,-0.368350,-0.004991,0.007037,0.577891,-1.575849,-1.996814,-1.156981,1.570818,-0.238408,-3.054691,-5.320567,-18.478704,-0.285901,0.997808,-0.096679
3465.884167,0.467571,0.097581,0.235917,0.929647,-0.368350,-0.004991,0.007037,0.578926,-1.576178,-1.996712,-1.156753,1.570836,-0.237374,-4.496096,-5.853939,-18.957786,-0.274755,0.948161,-0.056749
3465.904136,0.467571,0.098136,0.235841,0.929647,-0.368350,-0.004991,0.007037,0.579959,-1.576510,-1.996611,-1.156522,1.570854,-0.236341,-2.220616,-5.367289,-18.059293,-0.227611,1.034564,-0.079814
3465.924176,0.467571,0.098691,0.235757,0.929647,-0.368350,-0.004991,0.007037,0.580991,-1.576851,-1.996525,-1.156267,1.570871,-0.235309,-2.603238,-5.185311,-18.209575,-0.270696,0.999456,-0.084773
3465.954256,0.467571,0.099246,0.235672,0.929647,-0.368350,-0.004991,0.007037,0.582022,-1.577194,-1.996440,-1.156010,1.570889,-0.234278,-2.335964,-5.076169,-18.299855,-0.272659,1.008344,-0.078790
3465.974256,0.467571,0.099800,0.235592,0.929647,-0.368350,-0.004991,0.007037,0.583050,-1.577533,-1.996342,-1.155769,1.570907,-0.233250,-4.356499,-5.619470,-18.927848,-0.273948,0.960145,-0.058659
3465.994294,0.467571,0.100355,0.235517,0.929647,-0.368350,-0.004991,0.007037,0.584080,-1.577868,-1.996231,-1.155545,1.570925,-0.232221,-3.673110,-6.125783,-18.618515,-0.205676,0.992873,-0.096785
3466.014276,0.467571,0.100910,0.235437,0.929647,-0.368350,-0.004991,0.007037,0.585108,-1.578210,-1.996131,-1.155302,1.570942,-0.231193,-2.136678,-5.098141,-18.379919,-0.261574,1.014314,-0.065829
3466.044287,0.467571,0.101465,0.235355,0.929647,-0.368350,-0.004991,0.007037,0.586135,-1.578555,-1.996033,-1.155055,1.570960,-0.230166,-2.057146,-5.137701,-18.369970,-0.260593,1.019295,-0.064820
3466.064291,0.467571,0.102019,0.235272,0.929647,-0.368350,-0.004991,0.007037,0.587159,-1.578902,-1.995936,-1.154805,1.570978,-0.229142,-4.118412,-5.757882,-18.808056,-0.265017,0.956067,-0.086626
3466.094373,0.467571,0.102574,0.235188,0.929647,-0.368350,-0.004991,0.007037,0.588185,-1.579253,-1.995840,-1.154550,1.570996,-0.228117,-4.069709,-5.798724,-18.728189,-0.257981,0.951013,-0.093643
3466.114342,0.467571,0.103129,0.235115,0.929647,-0.368350,-0.004991,0.007037,0.589209,-1.579593,-1.995718,-1.154331,1.571013,-0.227093,-4.957912,-6.525582,-19.267970,-0.228684,0.927086,-0.076782
3466.134393,0.467571,0.103684,0.235038,0.929647,-0.368350,-0.004991,0.007037,0.590232,-1.579939,-1.995603,-1.154100,1.571031,-0.226069,-2.345771,-5.497490,-18.459828,-0.227602,1.021352,-0.072816
3466.164383,0.467571,0.104238,0.234961,0.929647,-0.368350,-0.004991,0.007037,0.591253,-1.580286,-1.995488,-1.153868,1.571048,-0.225049,-2.454683,-5.657122,-18.539717,-0.215618,1.023396,-0.079809
3466.194474,0.467571,0.104793,0.234883,0.929647,-0.368350,-0.004991,0.007037,0.592274,-1.580634,-1.995371,-1.153636,1.571066,-0.224028,-2.781717,-5.876483,-18.629411,-0.200645,1.021519,-0.085797
3466.214621,0.467571,0.105348,0.234800,0.929647,-0.368350,-0.004991,0.007037,0.593294,-1.580990,-1.995265,-1.153386,1.571084,-0.223008,-3.053654,-5.633476,-18.779627,-0.248776,0.983439,-0.089736
3466.234489,0.467571,0.105903,0.234724,0.929647,-0.368350,-0.004991,0.007037,0.594313,-1.581341,-1.995143,-1.153157,1.571101,-0.221989,-5.165080,-6.239174,-19.407699,-0.239961,0.927203,-0.056653
3466.254434,0.467571,0.106458,0.234651,0.929647,-0.368350,-0.004991,0.007037,0.595332,-1.581689,-1.995013,-1.152939,1.571119,-0.220971,-3.716311,-6.265708,-18.718851,-0.180679,0.993741,-0.097783
3466.284455,0.467571,0.107012,0.234579,0.929647,-0.368350,-0.004991,0.007037,0.596347,-1.582038,-1.994879,-1.152724,1.571136,-0.219955,-4.133076,-6.477548,-18.818503,-0.179599,0.975874,-0.100820
3466.314461,0.467571,0.107567,0.234507,0.929647,-0.368350,-0.004991,0.007037,0.597363,-1.582388,-1.994743,-1.152509,1.571154,-0.218939,-4.490867,-6.668068,-18.938269,-0.177577,0.956965,-0.096831
3466.344560,0.467571,0.108122,0.234433,0.929647,-0.368350,-0.004991,0.007037,0.598379,-1.582741,-1.994610,-1.152288,1.571171,-0.217924,-4.889678,-6.846190,-18.978153,-0.174658,0.928014,-0.090794
3466.374542,0.467571,0.108677,0.234359,0.929647,-0.368350,-0.004991,0.007037,0.599393,-1.583096,-1.994476,-1.152067,1.571189,-0.216910,-5.217737,-6.886027,-19.037949,-0.182665,0.910094,-0.084791
3466.394562,0.467571,0.109231,0.234278,0.929647,-0.368350,-0.004991,0.007037,0.600404,-1.583459,-1.994356,-1.151824,1.571206,-0.215899,-2.218187,-5.587419,-18.170079,-0.208605,1.017252,-0.066814
3466.414577,0.467571,0.109786,0.234192,0.929647,-0.368350,-0.004991,0.007037,0.601417,-1.583828,-1.994243,-1.151568,1.571224,-0.214887,-3.921707,-5.907934,-18.548402,-0.230015,0.950931,-0.097627
3466.444625,0.467571,0.110341,0.234106,0.929647,-0.368350,-0.004991,0.007037,0.602428,-1.584198,-1.994129,-1.151311,1.571241,-0.213876,-3.534900,-5.710151,-18.478728,-0.231919,0.958800,-0.099671
3466.464606,0.467571,0.110896,0.234025,0.929647,-0.368350,-0.004991,0.007037,0.603438,-1.584566,-1.994005,-1.151067,1.571259,-0.212866,-5.146125,-6.287607,-19.027816,-0.229029,0.909161,-0.061621
3466.484698,0.467571,0.111450,0.233948,0.929647,-0.368350,-0.004991,0.007037,0.604445,-1.584929,-1.993868,-1.150840,1.571276,-0.211858,-2.911371,-5.926465,-18.269376,-0.177646,1.005533,-0.088797
3466.504641,0.467571,0.112005,0.233864,0.929647,-0.368350,-0.004991,0.007037,0.605454,-1.585301,-1.993746,-1.150589,1.571293,-0.210850,-2.963055,-5.494241,-18.399561,-0.235742,0.969464,-0.089751
3466.534717,0.467571,0.112560,0.233780,0.929647,-0.368350,-0.004991,0.007037,0.606461,-1.585675,-1.993622,-1.150339,1.571311,-0.209843,-2.674463,-5.396721,-18.399696,-0.242635,0.976406,-0.083801
3466.554654,0.467571,0.113115,0.233699,0.929647,-0.368350,-0.004991,0.007037,0.607467,-1.586047,-1.993491,-1.150098,1.571328,-0.208837,-4.896558,-6.007606,-18.987862,-0.247029,0.917143,-0.070621
3466.574749,0.467571,0.113670,0.233627,0.929647,-0.368350,-0.004991,0.007037,0.608472,-1.586412,-1.993338,-1.149885,1.571345,-0.207832,-4.441925,-6.556592,-18.788387,-0.183640,0.938921,-0.102801
3466.604722,0.467571,0.114224,0.233554,0.929647,-0.368350,-0.004991,0.007037,0.609474,-1.586778,-1.993187,-1.149669,1.571363,-0.206830,-4.869696,-6.736085,-19.068155,-0.184662,0.911013,-0.099792
3466.624730,0.467571,0.114779,0.233473,0.929647,-0.368350,-0.004991,0.007037,0.610477,-1.587155,-1.993052,-1.149427,1.571380,-0.205827,-2.397861,-5.507469,-18.480045,-0.225603,0.980266,-0.070816
3466.644743,0.467571,0.115334,0.233390,0.929647,-0.368350,-0.004991,0.007037,0.611479,-1.587534,-1.992918,-1.149181,1.571397,-0.204825,-4.339241,-5.908020,-18.868142,-0.240011,0.923032,-0.096629
3466.664727,0.467571,0.115889,0.233321,0.929647,-0.368350,-0.004991,0.007037,0.612480,-1.587901,-1.992755,-1.148976,1.571415,-0.203825,-5.286748,-6.707059,-19.297840,-0.205620,0.887134,-0.085812
3466.694777,0.467571,0.116443,0.233248,0.929647,-0.368350,-0.004991,0.007037,0.613479,-1.588272,-1.992597,-1.148763,1.571432,-0.202826,-5.296701,-6.575345,-19.397843,-0.221694,0.881136,-0.075777
3466.714826,0.467571,0.116998,0.233173,0.929647,-0.368350,-0.004991,0.007037,0.614478,-1.588649,-1.992443,-1.148539,1.571449,-0.201828,-2.709839,-5.826161,-18.429217,-0.196659,0.979596,-0.082791
3466.744803,0.467571,0.117553,0.233096,0.929647,-0.368350,-0.004991,0.007037,0.615476,-1.589027,-1.992290,-1.148314,1.571466,-0.200830,-2.972699,-5.975912,-18.559516,-0.190670,0.969478,-0.090785
3466.774871,0.467571,0.118108,0.233021,0.929647,-0.368350,-0.004991,0.007037,0.616473,-1.589404,-1.992132,-1.148093,1.571483,-0.199833,-3.379691,-6.206813,-18.659199,-0.179631,0.958602,-0.098804
3466.794889,0.467571,0.118662,0.232939,0.929647,-0.368350,-0.004991,0.007037,0.617467,-1.589790,-1.991989,-1.147850,1.571501,-0.198839,-3.034288,-5.645859,-18.689682,-0.237672,0.935413,-0.092784
3466.814904,0.467571,0.119217,0.232858,0.929647,-0.368350,-0.004991,0.007037,0.618462,-1.590176,-1.991840,-1.147613,1.571518,-0.197844,-5.181722,-6.153079,-19.239428,-0.240793,0.877519,-0.072728
3466.844899,0.467571,0.119772,0.232780,0.929647,-0.368350,-0.004991,0.007037,0.619456,-1.590561,-1.991684,-1.147383,1.571535,-0.196850,-5.005725,-6.059405,-19.187766,-0.240951,0.883177,-0.079658
3466.864917,0.467571,0.120327,0.232710,0.929647,-0.368350,-0.004991,0.007037,0.620448,-1.590939,-1.991509,-1.147179,1.571552,-0.195858,-4.721533,-6.727429,-19.068342,-0.177604,0.902937,-0.106818
3466.884941,0.467571,0.120882,0.232632,0.929647,-0.368350,-0.004991,0.007037,0.621440,-1.591327,-1.991351,-1.146948,1.571569,-0.194866,-2.527056,-5.589791,-18.569950,-0.224503,0.961299,-0.077863
3466.905053,0.467571,0.121436,0.232553,0.929647,-0.368350,-0.004991,0.007037,0.622429,-1.591716,-1.991193,-1.146717,1.571586,-0.193877,-4.547272,-5.919948,-19.077927,-0.244928,0.904113,-0.096668
3466.935032,0.467571,0.121991,0.232469,0.929647,-0.368350,-0.004991,0.007037,0.623419,-1.592111,-1.991043,-1.146471,1.571603,-0.192888,-4.288929,-5.947737,-18.958111,-0.239023,0.910045,-0.101623
3466.955082,0.467571,0.122546,0.232399,0.929647,-0.368350,-0.004991,0.007037,0.624408,-1.592495,-1.990864,-1.146265,1.571620,-0.191899,-5.375523,-6.696553,-19.507713,-0.209642,0.872185,-0.085802
3466.975032,0.467571,0.123101,0.232323,0.929647,-0.368350,-0.004991,0.007037,0.625395,-1.592885,-1.990694,-1.146044,1.571637,-0.190911,-2.686771,-5.789082,-18.519924,-0.195533,0.974310,-0.078848
3467.005047,0.467571,0.123655,0.232247,0.929647,-0.368350,-0.004991,0.007037,0.626380,-1.593276,-1.990524,-1.145823,1.571654,-0.189927,-2.795342,-5.938274,-18.589780,-0.187568,0.973369,-0.086832
3467.025005,0.467571,0.124210,0.232165,0.929647,-0.368350,-0.004991,0.007037,0.627366,-1.593675,-1.990365,-1.145582,1.571671,-0.188941,-3.407834,-5.761373,-18.959030,-0.238866,0.937679,-0.104695
3467.045030,0.467571,0.124765,0.232093,0.929647,-0.368350,-0.004991,0.007037,0.628351,-1.594066,-1.990183,-1.145372,1.571688,-0.187957,-5.404753,-6.472523,-19.677650,-0.232816,0.878216,-0.070721
3467.075104,0.467571,0.125320,0.232020,0.929647,-0.368350,-0.004991,0.007037,0.629334,-1.594458,-1.990001,-1.145160,1.571705,-0.186973,-5.314359,-6.362520,-19.587609,-0.239816,0.881233,-0.073721
3467.095126,0.467571,0.125874,0.231947,0.929647,-0.368350,-0.004991,0.007037,0.630315,-1.594851,-1.989818,-1.144950,1.571722,-0.185993,-4.137793,-6.655723,-18.939006,-0.171678,0.937680,-0.107783
3467.125121,0.467571,0.126429,0.231876,0.929647,-0.368350,-0.004991,0.007037,0.631296,-1.595245,-1.989631,-1.144742,1.571739,-0.185012,-4.564677,-6.875339,-19.088681,-0.173695,0.920808,-0.109775
3467.155166,0.467571,0.126984,0.231804,0.929647,-0.368350,-0.004991,0.007037,0.632277,-1.595640,-1.989443,-1.144534,1.571756,-0.184031,-4.952625,-7.014836,-19.278469,-0.174716,0.898893,-0.106766
3467.175147,0.467571,0.127539,0.231725,0.929647,-0.368350,-0.004991,0.007037,0.633256,-1.596044,-1.989269,-1.144304,1.571773,-0.183052,-2.508318,-5.838874,-18.790086,-0.222542,0.977247,-0.080844
3467.195235,0.467571,0.128094,0.231645,0.929647,-0.368350,-0.004991,0.007037,0.634234,-1.596449,-1.989093,-1.144073,1.571790,-0.182074,-4.667312,-6.366856,-19.327944,-0.234061,0.897112,-0.098606
3467.215202,0.467571,0.128648,0.231570,0.929647,-0.368350,-0.004991,0.007037,0.635210,-1.596850,-1.988907,-1.143856,1.571806,-0.181098,-5.554641,-7.209311,-19.617652,-0.188955,0.867221,-0.095656
3467.235213,0.467571,0.129203,0.231497,0.929647,-0.368350,-0.004991,0.007037,0.636186,-1.597252,-1.988716,-1.143645,1.571823,-0.180122,-2.478010,-6.059951,-18.740048,-0.201496,0.977259,-0.078866
3467.255264,0.467571,0.129758,0.231417,0.929647,-0.368350,-0.004991,0.007037,0.637161,-1.597662,-1.988538,-1.143413,1.571840,-0.179147,-4.120429,-6.238753,-19.138264,-0.233979,0.913984,-0.108643
3467.285262,0.467571,0.130313,0.231335,0.929647,-0.368350,-0.004991,0.007037,0.638136,-1.598073,-1.988359,-1.143178,1.571857,-0.178173,-3.743330,-6.060014,-19.098564,-0.238925,0.927864,-0.111668
3467.305268,0.467571,0.130867,0.231263,0.929647,-0.368350,-0.004991,0.007037,0.639107,-1.598477,-1.988162,-1.142971,1.571873,-0.177202,-5.435222,-6.732027,-19.797702,-0.227838,0.876197,-0.075711
3467.325275,0.467571,0.131422,0.231192,0.929647,-0.368350,-0.004991,0.007037,0.640079,-1.598882,-1.987960,-1.142767,1.571890,-0.176230,-3.343527,-6.546707,-18.999599,-0.171636,0.962444,-0.098801
3467.345303,0.467571,0.131977,0.231113,0.929647,-0.368350,-0.004991,0.007037,0.641050,-1.599295,-1.987773,-1.142541,1.571907,-0.175259,-3.331662,-6.003373,-19.179420,-0.235780,0.933521,-0.102734
3467.365349,0.467571,0.132532,0.231043,0.929647,-0.368350,-0.004991,0.007037,0.642020,-1.599701,-1.987567,-1.142339,1.571924,-0.174289,-5.384937,-6.521614,-19.837674,-0.239856,0.886209,-0.077702
3467.395306,0.467571,0.133086,0.230969,0.929647,-0.368350,-0.004991,0.007037,0.642987,-1.600111,-1.987366,-1.142128,1.571940,-0.173322,-5.194914,-6.370220,-19.787677,-0.246916,0.887210,-0.083674
3467.415373,0.467571,0.133641,0.230903,0.929647,-0.368350,-0.004991,0.007037,0.643955,-1.600515,-1.987147,-1.141942,1.571957,-0.172354,-4.575205,-7.037416,-19.518727,-0.172605,0.921786,-0.113817
3467.435382,0.467571,0.134196,0.230827,0.929647,-0.368350,-0.004991,0.007037,0.644922,-1.600931,-1.986949,-1.141724,1.571974,-0.171388,-2.806521,-5.977236,-19.209907,-0.223613,0.956321,-0.084811
3467.465376,0.467571,0.134751,0.230752,0.929647,-0.368350,-0.004991,0.007037,0.645888,-1.601347,-1.986747,-1.141509,1.571990,-0.170422,-2.727335,-5.948673,-19.249985,-0.224551,0.966287,-0.082840
3467.485399,0.467571,0.135306,0.230675,0.929647,-0.368350,-0.004991,0.007037,0.646852,-1.601766,-1.986547,-1.141289,1.572007,-0.169458,-4.696999,-6.177815,-19.657907,-0.251020,0.898125,-0.107625
3467.505481,0.467571,0.135860,0.230610,0.929647,-0.368350,-0.004991,0.007037,0.647814,-1.602173,-1.986320,-1.141108,1.572023,-0.168496,-5.479525,-7.156870,-20.048133,-0.202628,0.865020,-0.100808
3467.525460,0.467571,0.136415,0.230538,0.929647,-0.368350,-0.004991,0.007037,0.648777,-1.602589,-1.986107,-1.140903,1.572040,-0.167533,-2.896363,-6.098090,-19.169887,-0.207576,0.956327,-0.086828
3467.545515,0.467571,0.136970,0.230460,0.929647,-0.368350,-0.004991,0.007037,0.649739,-1.603013,-1.985904,-1.140681,1.572056,-0.166572,-4.285430,-6.280366,-19.558782,-0.242910,0.895778,-0.118675
3467.565575,0.467571,0.137525,0.230397,0.929647,-0.368350,-0.004991,0.007037,0.650699,-1.603423,-1.985669,-1.140505,1.572073,-0.165611,-5.616819,-6.957573,-20.207845,-0.226598,0.852131,-0.087822
3467.585494,0.467571,0.138079,0.230329,0.929647,-0.368350,-0.004991,0.007037,0.651657,-1.603838,-1.985444,-1.140312,1.572089,-0.164654,-3.209852,-6.376665,-19.169216,-0.185638,0.945595,-0.100801
3467.605674,0.467571,0.138634,0.230253,0.929647,-0.368350,-0.004991,0.007037,0.652615,-1.604264,-1.985233,-1.140097,1.572106,-0.163696,-3.673595,-5.995749,-19.259610,-0.237677,0.907441,-0.113782
3467.635505,0.467571,0.139189,0.230172,0.929647,-0.368350,-0.004991,0.007037,0.653573,-1.604694,-1.985029,-1.139870,1.572122,-0.162738,-3.420509,-5.942474,-19.159304,-0.237819,0.908569,-0.106716
3467.655542,0.467571,0.139744,0.230100,0.929647,-0.368350,-0.004991,0.007037,0.654529,-1.605118,-1.984807,-1.139667,1.572139,-0.161782,-5.305116,-6.352017,-19.637691,-0.243838,0.861202,-0.084711
3467.675540,0.467571,0.140298,0.230032,0.929647,-0.368350,-0.004991,0.007037,0.655483,-1.605538,-1.984575,-1.139477,1.572155,-0.160829,-4.536887,-6.995311,-19.328913,-0.159696,0.903717,-0.117774
3467.705754,0.467571,0.140853,0.229964,0.929647,-0.368350,-0.004991,0.007037,0.656437,-1.605960,-1.984343,-1.139286,1.572172,-0.159875,-4.870612,-7.136573,-19.548249,-0.165641,0.881975,-0.116801
3467.735645,0.467571,0.141408,0.229894,0.929647,-0.368350,-0.004991,0.007037,0.657390,-1.606385,-1.984110,-1.139092,1.572188,-0.158922,-5.348159,-7.346259,-19.647992,-0.164655,0.851076,-0.112795
3467.755633,0.467571,0.141963,0.229818,0.929647,-0.368350,-0.004991,0.007037,0.658342,-1.606818,-1.983891,-1.138877,1.572204,-0.157970,-2.857565,-6.077642,-18.840014,-0.199595,0.930278,-0.084819
3467.775645,0.467571,0.142518,0.229739,0.929647,-0.368350,-0.004991,0.007037,0.659293,-1.607254,-1.983675,-1.138655,1.572221,-0.157019,-4.711177,-6.478690,-19.328343,-0.214982,0.859953,-0.113642
3467.795644,0.467571,0.143072,0.229671,0.929647,-0.368350,-0.004991,0.007037,0.660241,-1.607680,-1.983436,-1.138467,1.572237,-0.156071,-5.816860,-7.335321,-19.777860,-0.177695,0.817130,-0.097777
3467.815677,0.467571,0.143627,0.229599,0.929647,-0.368350,-0.004991,0.007037,0.661190,-1.608112,-1.983203,-1.138267,1.572253,-0.155122,-2.983861,-6.275656,-18.718594,-0.169681,0.925842,-0.090782
3467.845727,0.467571,0.144182,0.229524,0.929647,-0.368350,-0.004991,0.007037,0.662138,-1.608548,-1.982974,-1.138059,1.572270,-0.154174,-3.141889,-6.406240,-18.599431,-0.160656,0.925512,-0.098792
3467.875723,0.467571,0.144737,0.229450,0.929647,-0.368350,-0.004991,0.007037,0.663085,-1.608984,-1.982742,-1.137853,1.572286,-0.153228,-3.489026,-6.665893,-18.729134,-0.148671,0.918629,-0.106786
3467.895733,0.467571,0.145291,0.229369,0.929647,-0.368350,-0.004991,0.007037,0.664029,-1.609428,-1.982524,-1.137627,1.572302,-0.152284,-3.435548,-6.115987,-18.779812,-0.208667,0.887361,-0.105786
3467.915764,0.467571,0.145846,0.229289,0.929647,-0.368350,-0.004991,0.007037,0.664973,-1.609872,-1.982302,-1.137402,1.572318,-0.151339,-5.536921,-6.586015,-19.227906,-0.212098,0.827128,-0.082589
3467.935722,0.467571,0.146401,0.229216,0.929647,-0.368350,-0.004991,0.007037,0.665917,-1.610311,-1.982063,-1.137201,1.572335,-0.150396,-4.552734,-7.095019,-18.678479,-0.137709,0.877888,-0.117769
3467.965832,0.467571,0.146956,0.229143,0.929647,-0.368350,-0.004991,0.007037,0.666860,-1.610752,-1.981824,-1.136997,1.572351,-0.149453,-4.921220,-7.216133,-18.798315,-0.142660,0.856950,-0.116792
3467.985803,0.467571,0.147510,0.229062,0.929647,-0.368350,-0.004991,0.007037,0.667799,-1.611200,-1.981599,-1.136773,1.572367,-0.148514,-2.877888,-5.938089,-18.270045,-0.200576,0.910265,-0.085828
3468.005817,0.467571,0.148065,0.228977,0.929647,-0.368350,-0.004991,0.007037,0.668740,-1.611654,-1.981381,-1.136536,1.572383,-0.147573,-4.918272,-6.345865,-18.868049,-0.216104,0.838072,-0.106586
3468.025867,0.467571,0.148620,0.228906,0.929647,-0.368350,-0.004991,0.007037,0.669679,-1.612096,-1.981133,-1.136340,1.572399,-0.146634,-5.598361,-7.376961,-19.088010,-0.157624,0.811068,-0.105810
3468.045877,0.467571,0.149175,0.228828,0.929647,-0.368350,-0.004991,0.007037,0.670617,-1.612545,-1.980897,-1.136125,1.572415,-0.145696,-2.877091,-6.186729,-18.159969,-0.176635,0.917297,-0.084801
3468.075886,0.467571,0.149730,0.228750,0.929647,-0.368350,-0.004991,0.007037,0.671555,-1.612996,-1.980660,-1.135910,1.572432,-0.144759,-2.935055,-6.237121,-18.289756,-0.169618,0.916381,-0.091809
3468.095891,0.467571,0.150284,0.228665,0.929647,-0.368350,-0.004991,0.007037,0.672489,-1.613454,-1.980436,-1.135674,1.572448,-0.143825,-4.156989,-6.260915,-18.748943,-0.219886,0.859714,-0.121686
3468.115941,0.467571,0.150839,0.228590,0.929647,-0.368350,-0.004991,0.007037,0.673424,-1.613903,-1.980188,-1.135471,1.572464,-0.142890,-5.787044,-6.982533,-19.297892,-0.200816,0.797122,-0.085721
3468.135927,0.467571,0.151394,0.228517,0.929647,-0.368350,-0.004991,0.007037,0.674358,-1.614353,-1.979937,-1.135271,1.572480,-0.141956,-3.530561,-6.725416,-18.609296,-0.146692,0.888566,-0.108776
3468.155934,0.467571,0.151949,0.228436,0.929647,-0.368350,-0.004991,0.007037,0.675291,-1.614811,-1.979699,-1.135049,1.572496,-0.141023,-3.753829,-6.164542,-18.739640,-0.213729,0.856432,-0.113757
3468.175958,0.467571,0.152503,0.228359,0.929647,-0.368350,-0.004991,0.007037,0.676221,-1.615266,-1.979454,-1.134838,1.572512,-0.140093,-5.465378,-6.528272,-19.347734,-0.224000,0.813191,-0.087635
3468.196029,0.467571,0.153058,0.228287,0.929647,-0.368350,-0.004991,0.007037,0.677152,-1.615718,-1.979194,-1.134644,1.572528,-0.139162,-4.264286,-6.955278,-18.788641,-0.145697,0.880824,-0.119774
3468.226018,0.467571,0.153613,0.228215,0.929647,-0.368350,-0.004991,0.007037,0.678082,-1.616171,-1.978936,-1.134448,1.572544,-0.138233,-4.702204,-7.106688,-18.838416,-0.154636,0.856910,-0.120803
3468.256079,0.467571,0.154168,0.228141,0.929647,-0.368350,-0.004991,0.007037,0.679011,-1.616627,-1.978677,-1.134249,1.572560,-0.137304,-5.120319,-7.316094,-19.038221,-0.157662,0.832987,-0.116792
3468.276011,0.467571,0.154723,0.228062,0.929647,-0.368350,-0.004991,0.007037,0.679938,-1.617089,-1.978428,-1.134035,1.572575,-0.136377,-2.956999,-6.057304,-18.549956,-0.202610,0.903301,-0.087812
3468.296009,0.467571,0.155277,0.227980,0.929647,-0.368350,-0.004991,0.007037,0.680863,-1.617555,-1.978185,-1.133810,1.572591,-0.135452,-4.809674,-6.347898,-19.008188,-0.222016,0.833015,-0.113626
3468.316088,0.467571,0.155832,0.227911,0.929647,-0.368350,-0.004991,0.007037,0.681789,-1.618009,-1.977913,-1.133626,1.572607,-0.134526,-5.577484,-7.226730,-19.397919,-0.177634,0.804104,-0.105805
3468.346128,0.467571,0.156387,0.227841,0.929647,-0.368350,-0.004991,0.007037,0.682713,-1.618466,-1.977642,-1.133438,1.572623,-0.133602,-5.536952,-7.066395,-19.457865,-0.195649,0.802126,-0.097798
3468.366205,0.467571,0.156942,0.227767,0.929647,-0.368350,-0.004991,0.007037,0.683637,-1.618927,-1.977376,-1.133242,1.572639,-0.132679,-3.014024,-6.268350,-18.559642,-0.175565,0.903424,-0.098834
3468.386300,0.467571,0.157496,0.227686,0.929647,-0.368350,-0.004991,0.007037,0.684557,-1.619396,-1.977124,-1.133023,1.572655,-0.131758,-3.948514,-6.101912,-18.929098,-0.234843,0.852651,-0.120705
3468.406144,0.467571,0.158051,0.227612,0.929647,-0.368350,-0.004991,0.007037,0.685478,-1.619861,-1.976857,-1.132824,1.572671,-0.130837,-5.495928,-6.610991,-19.467781,-0.232883,0.802168,-0.087690
3468.436145,0.467571,0.158606,0.227536,0.929647,-0.368350,-0.004991,0.007037,0.686399,-1.620328,-1.976592,-1.132619,1.572686,-0.129917,-5.285484,-6.359732,-19.497739,-0.244937,0.818187,-0.089664
3468.456149,0.467571,0.159161,0.227464,0.929647,-0.368350,-0.004991,0.007037,0.687318,-1.620792,-1.976316,-1.132430,1.572702,-0.128998,-3.975908,-6.785144,-18.948811,-0.163703,0.891758,-0.119771
3468.476236,0.467571,0.159715,0.227385,0.929647,-0.368350,-0.004991,0.007037,0.688234,-1.621264,-1.976054,-1.132218,1.572718,-0.128082,-3.125583,-5.946655,-18.819813,-0.230638,0.892359,-0.102800
3468.496163,0.467571,0.160270,0.227306,0.929647,-0.368350,-0.004991,0.007037,0.689151,-1.621738,-1.975791,-1.132006,1.572733,-0.127165,-5.105654,-6.167284,-19.277767,-0.248043,0.836180,-0.099615
3468.526225,0.467571,0.160825,0.227224,0.929647,-0.368350,-0.004991,0.007037,0.690067,-1.622215,-1.975530,-1.131788,1.572749,-0.126250,-4.886763,-6.067791,-19.197882,-0.249021,0.851134,-0.107625
3468.546222,0.467571,0.161380,0.227153,0.929647,-0.368350,-0.004991,0.007037,0.690982,-1.622682,-1.975247,-1.131602,1.572765,-0.125335,-5.149472,-6.996743,-19.218128,-0.182634,0.844022,-0.115805
3468.566262,0.467571,0.161935,0.227078,0.929647,-0.368350,-0.004991,0.007037,0.691895,-1.623155,-1.974970,-1.131404,1.572781,-0.124421,-2.826469,-5.857700,-18.609900,-0.219593,0.924323,-0.092821
3468.596263,0.467571,0.162489,0.227003,0.929647,-0.368350,-0.004991,0.007037,0.692806,-1.623629,-1.974695,-1.131203,1.572796,-0.123511,-2.685726,-5.907397,-18.579824,-0.212606,0.934354,-0.093815
3468.616323,0.467571,0.163044,0.226919,0.929647,-0.368350,-0.004991,0.007037,0.693718,-1.624113,-1.974432,-1.130981,1.572812,-0.122599,-4.182918,-5.898978,-19.028525,-0.259970,0.874881,-0.124647
3468.636327,0.467571,0.163599,0.226848,0.929647,-0.368350,-0.004991,0.007037,0.694628,-1.624585,-1.974143,-1.130795,1.572827,-0.121689,-5.575938,-6.693937,-19.557769,-0.230755,0.824168,-0.094749
3468.656344,0.467571,0.164154,0.226775,0.929647,-0.368350,-0.004991,0.007037,0.695538,-1.625060,-1.973856,-1.130605,1.572843,-0.120779,-3.062378,-6.106914,-18.619478,-0.195627,0.925491,-0.106806
3468.686367,0.467571,0.164708,0.226702,0.929647,-0.368350,-0.004991,0.007037,0.696444,-1.625536,-1.973569,-1.130416,1.572858,-0.119873,-3.390561,-6.246607,-18.759290,-0.183640,0.925566,-0.113800
3468.716372,0.467571,0.165263,0.226629,0.929647,-0.368350,-0.004991,0.007037,0.697352,-1.626014,-1.973279,-1.130225,1.572874,-0.118966,-3.797275,-6.486359,-18.758949,-0.171651,0.923701,-0.117795
3468.736383,0.467571,0.165818,0.226549,0.929647,-0.368350,-0.004991,0.007037,0.698258,-1.626500,-1.973004,-1.130013,1.572890,-0.118060,-3.036609,-5.685943,-18.719923,-0.242669,0.915317,-0.106785
3468.756424,0.467571,0.166373,0.226470,0.929647,-0.368350,-0.004991,0.007037,0.699163,-1.626986,-1.972723,-1.129806,1.572905,-0.117155,-5.094857,-5.958148,-19.127680,-0.255005,0.854213,-0.098632
3468.776409,0.467571,0.166927,0.226395,0.929647,-0.368350,-0.004991,0.007037,0.700066,-1.627468,-1.972434,-1.129611,1.572920,-0.116252,-4.644613,-6.747122,-18.749710,-0.176618,0.879399,-0.120809
3468.816446,0.467571,0.167482,0.226311,0.929647,-0.368350,-0.004991,0.007037,0.700969,-1.627960,-1.972159,-1.129391,1.572936,-0.115349,-4.647225,-5.758169,-18.827930,-0.257005,0.866115,-0.114632
3468.836495,0.467571,0.168037,0.226239,0.929647,-0.368350,-0.004991,0.007037,0.701871,-1.628443,-1.971861,-1.129205,1.572951,-0.114448,-5.299045,-6.855743,-18.998088,-0.189677,0.839040,-0.109785
3468.856518,0.467571,0.168592,0.226161,0.929647,-0.368350,-0.004991,0.007037,0.702771,-1.628931,-1.971571,-1.129005,1.572967,-0.113547,-2.695568,-5.726863,-18.279810,-0.212629,0.931360,-0.094804
3468.886528,0.467571,0.169147,0.226083,0.929647,-0.368350,-0.004991,0.007037,0.703671,-1.629422,-1.971282,-1.128801,1.572982,-0.112647,-2.755182,-5.746822,-18.239770,-0.206631,0.930376,-0.099803
3468.906595,0.467571,0.169701,0.225996,0.929647,-0.368350,-0.004991,0.007037,0.704568,-1.629921,-1.971008,-1.128573,1.572998,-0.111750,-3.884421,-5.599686,-18.488680,-0.258939,0.873819,-0.125661
3468.926577,0.467571,0.170256,0.225920,0.929647,-0.368350,-0.004991,0.007037,0.705466,-1.630411,-1.970711,-1.128378,1.573013,-0.110853,-5.315999,-6.233052,-19.037779,-0.247793,0.822165,-0.093731
3468.946578,0.467571,0.170811,0.225845,0.929647,-0.368350,-0.004991,0.007037,0.706363,-1.630901,-1.970410,-1.128187,1.573028,-0.109956,-3.400953,-6.175781,-18.389335,-0.188676,0.904550,-0.113783
3468.976541,0.467571,0.171366,0.225770,0.929647,-0.368350,-0.004991,0.007037,0.707258,-1.631393,-1.970109,-1.127994,1.573044,-0.109061,-3.737925,-6.305335,-18.429021,-0.181695,0.897675,-0.119775
3468.996559,0.467571,0.171920,0.225687,0.929647,-0.368350,-0.004991,0.007037,0.708151,-1.631893,-1.969821,-1.127781,1.573059,-0.108168,-3.185405,-5.456622,-18.439794,-0.259640,0.887367,-0.112799
3469.026584,0.467571,0.172475,0.225603,0.929647,-0.368350,-0.004991,0.007037,0.709044,-1.632395,-1.969534,-1.127564,1.573074,-0.107275,-3.016059,-5.495570,-18.409867,-0.246685,0.898340,-0.104778
3469.046735,0.467571,0.173030,0.225522,0.929647,-0.368350,-0.004991,0.007037,0.709936,-1.632896,-1.969240,-1.127354,1.573089,-0.106383,-4.926334,-5.708940,-18.977832,-0.266971,0.841152,-0.107648
3469.066662,0.467571,0.173585,0.225449,0.929647,-0.368350,-0.004991,0.007037,0.710828,-1.633390,-1.968927,-1.127172,1.573105,-0.105492,-4.971805,-6.725832,-18.898378,-0.187673,0.838926,-0.122786
3469.086630,0.467571,0.174139,0.225370,0.929647,-0.368350,-0.004991,0.007037,0.711716,-1.633890,-1.968626,-1.126971,1.573120,-0.104603,-2.856684,-5.575808,-18.529931,-0.234675,0.911314,-0.099782
3469.116755,0.467571,0.174694,0.225290,0.929647,-0.368350,-0.004991,0.007037,0.712605,-1.634393,-1.968326,-1.126765,1.573135,-0.103714,-2.746414,-5.596313,-18.469901,-0.226653,0.922325,-0.098793
3469.136670,0.467571,0.175249,0.225206,0.929647,-0.368350,-0.004991,0.007037,0.713493,-1.634902,-1.968031,-1.126550,1.573150,-0.102826,-4.250302,-5.619174,-18.948249,-0.266961,0.869989,-0.128652
3469.156703,0.467571,0.175804,0.225135,0.929647,-0.368350,-0.004991,0.007037,0.714380,-1.635398,-1.967709,-1.126374,1.573165,-0.101940,-5.387503,-6.486183,-19.387924,-0.224658,0.828103,-0.107794
3469.176708,0.467571,0.176359,0.225059,0.929647,-0.368350,-0.004991,0.007037,0.715266,-1.635899,-1.967394,-1.126185,1.573181,-0.101054,-2.974696,-5.786317,-18.549722,-0.201653,0.920396,-0.107793
3469.206774,0.467571,0.176913,0.224984,0.929647,-0.368350,-0.004991,0.007037,0.716149,-1.636400,-1.967077,-1.125999,1.573196,-0.100171,-3.132794,-5.966585,-18.579523,-0.190641,0.914474,-0.115799
3469.226734,0.467571,0.177468,0.224902,0.929647,-0.368350,-0.004991,0.007037,0.717033,-1.636910,-1.966772,-1.125792,1.573211,-0.099287,-3.490134,-5.433264,-18.779261,-0.253785,0.887584,-0.128732
3469.246788,0.467571,0.178023,0.224825,0.929647,-0.368350,-0.004991,0.007037,0.717916,-1.637417,-1.966456,-1.125599,1.573226,-0.098405,-5.235494,-5.941330,-19.207734,-0.251868,0.826186,-0.100697
3469.266870,0.467571,0.178578,0.224752,0.929647,-0.368350,-0.004991,0.007037,0.718797,-1.637920,-1.966130,-1.125420,1.573241,-0.097523,-4.007519,-6.425501,-18.658978,-0.165688,0.884691,-0.126778
3469.296810,0.467571,0.179132,0.224678,0.929647,-0.368350,-0.004991,0.007037,0.719676,-1.638425,-1.965806,-1.125236,1.573256,-0.096645,-4.334039,-6.555883,-18.588612,-0.166671,0.868834,-0.128787
3469.316829,0.467571,0.179687,0.224599,0.929647,-0.368350,-0.004991,0.007037,0.720555,-1.638937,-1.965490,-1.125039,1.573271,-0.095765,-2.816005,-5.449027,-18.449845,-0.231536,0.903342,-0.107847
3469.336886,0.467571,0.180242,0.224515,0.929647,-0.368350,-0.004991,0.007037,0.721434,-1.639454,-1.965180,-1.124829,1.573286,-0.094887,-4.786525,-5.697920,-18.847857,-0.251015,0.840144,-0.116628
3469.356909,0.467571,0.180797,0.224442,0.929647,-0.368350,-0.004991,0.007037,0.722311,-1.639961,-1.964849,-1.124651,1.573301,-0.094010,-5.150583,-6.715719,-18.808250,-0.178678,0.819977,-0.124784
3469.386941,0.467571,0.181351,0.224368,0.929647,-0.368350,-0.004991,0.007037,0.723186,-1.640470,-1.964519,-1.124470,1.573316,-0.093136,-5.318937,-6.666197,-19.048075,-0.185658,0.816044,-0.120794
3469.406931,0.467571,0.181906,0.224288,0.929647,-0.368350,-0.004991,0.007037,0.724061,-1.640987,-1.964198,-1.124271,1.573331,-0.092261,-2.716148,-5.686732,-18.299871,-0.196635,0.918336,-0.105801
3469.426949,0.467571,0.182461,0.224204,0.929647,-0.368350,-0.004991,0.007037,0.724935,-1.641508,-1.963883,-1.124063,1.573346,-0.091387,-4.100504,-5.649647,-18.708269,-0.239941,0.860980,-0.133662
3469.457008,0.467571,0.183016,0.224119,0.929647,-0.368350,-0.004991,0.007037,0.725808,-1.642032,-1.963569,-1.123851,1.573361,-0.090514,-3.793061,-5.630353,-18.668534,-0.235910,0.864875,-0.133675
3469.477007,0.467571,0.183571,0.224044,0.929647,-0.368350,-0.004991,0.007037,0.726680,-1.642547,-1.963234,-1.123669,1.573375,-0.089642,-5.366533,-6.214228,-19.187830,-0.223743,0.808143,-0.103755
3469.496998,0.467571,0.184125,0.223969,0.929647,-0.368350,-0.004991,0.007037,0.727549,-1.643061,-1.962897,-1.123489,1.573390,-0.088773,-3.471922,-6.236616,-18.449432,-0.158640,0.888510,-0.121800
3469.527070,0.467571,0.184680,0.223894,0.929647,-0.368350,-0.004991,0.007037,0.728419,-1.643578,-1.962559,-1.123308,1.573405,-0.087903,-3.818336,-6.405739,-18.519062,-0.153678,0.883658,-0.127783
3469.546997,0.467571,0.185235,0.223811,0.929647,-0.368350,-0.004991,0.007037,0.729287,-1.644104,-1.962235,-1.123104,1.573420,-0.087035,-3.114290,-5.535847,-18.559682,-0.226673,0.885413,-0.121784
3469.577020,0.467571,0.185790,0.223729,0.929647,-0.368350,-0.004991,0.007037,0.730155,-1.644630,-1.961908,-1.122903,1.573435,-0.086167,-2.945567,-5.626905,-18.529810,-0.211627,0.890360,-0.114805
3469.597042,0.467571,0.186344,0.223645,0.929647,-0.368350,-0.004991,0.007037,0.731020,-1.645158,-1.961584,-1.122697,1.573449,-0.085302,-4.846464,-5.817937,-18.877850,-0.234015,0.829147,-0.118628
3469.617064,0.467571,0.186899,0.223572,0.929647,-0.368350,-0.004991,0.007037,0.731885,-1.645676,-1.961234,-1.122526,1.573464,-0.084437,-5.188225,-6.977315,-18.827994,-0.156609,0.814073,-0.127817
3469.637061,0.467571,0.187454,0.223494,0.929647,-0.368350,-0.004991,0.007037,0.732750,-1.646202,-1.960895,-1.122338,1.573479,-0.083573,-2.826702,-5.788442,-18.389920,-0.195561,0.898313,-0.106835
3469.657104,0.467571,0.188009,0.223411,0.929647,-0.368350,-0.004991,0.007037,0.733613,-1.646732,-1.960563,-1.122137,1.573494,-0.082709,-4.508578,-5.768920,-18.808069,-0.236972,0.833060,-0.131647
3469.687170,0.467571,0.188563,0.223328,0.929647,-0.368350,-0.004991,0.007037,0.734474,-1.647264,-1.960231,-1.121935,1.573508,-0.081849,-4.239255,-5.810167,-18.888135,-0.234918,0.845032,-0.137672
3469.707168,0.467571,0.189118,0.223259,0.929647,-0.368350,-0.004991,0.007037,0.735335,-1.647782,-1.959868,-1.121777,1.573523,-0.080988,-5.497776,-6.707737,-19.447945,-0.194591,0.799092,-0.114825
3469.727191,0.467571,0.189673,0.223185,0.929647,-0.368350,-0.004991,0.007037,0.736195,-1.648307,-1.959514,-1.121603,1.573538,-0.080128,-3.215421,-6.167395,-18.579792,-0.164606,0.888366,-0.117815
3469.747167,0.467571,0.190228,0.223103,0.929647,-0.368350,-0.004991,0.007037,0.737054,-1.648841,-1.959174,-1.121407,1.573552,-0.079269,-3.814704,-5.800376,-19.038706,-0.228909,0.854808,-0.137675
3469.767194,0.467571,0.190783,0.223031,0.929647,-0.368350,-0.004991,0.007037,0.737912,-1.649366,-1.958813,-1.121241,1.573567,-0.078411,-5.457009,-6.444003,-19.537882,-0.215752,0.797124,-0.108750
3469.797192,0.467571,0.191337,0.222957,0.929647,-0.368350,-0.004991,0.007037,0.738768,-1.649893,-1.958456,-1.121069,1.573581,-0.077556,-5.306491,-6.243171,-19.547831,-0.229788,0.800145,-0.109734
3469.817218,0.467571,0.191892,0.222885,0.929647,-0.368350,-0.004991,0.007037,0.739623,-1.650419,-1.958091,-1.120905,1.573596,-0.076700,-4.099469,-6.705793,-19.029180,-0.147675,0.862611,-0.132784
3469.837261,0.467571,0.192447,0.222805,0.929647,-0.368350,-0.004991,0.007037,0.740478,-1.650955,-1.957741,-1.120717,1.573611,-0.075845,-3.294448,-5.883960,-19.049707,-0.219755,0.867406,-0.122745
3469.857252,0.467571,0.193002,0.222729,0.929647,-0.368350,-0.004991,0.007037,0.741332,-1.651488,-1.957381,-1.120541,1.573625,-0.074992,-5.175364,-6.089547,-19.517728,-0.239945,0.811192,-0.116661
3469.887266,0.467571,0.193556,0.222650,0.929647,-0.368350,-0.004991,0.007037,0.742183,-1.652024,-1.957028,-1.120356,1.573640,-0.074141,-4.906319,-5.898500,-19.427833,-0.249990,0.821153,-0.122639
3469.907318,0.467571,0.194111,0.222582,0.929647,-0.368350,-0.004991,0.007037,0.743035,-1.652551,-1.956651,-1.120203,1.573654,-0.073289,-5.093062,-6.947013,-19.408504,-0.176622,0.812874,-0.133810
3469.927344,0.467571,0.194666,0.222505,0.929647,-0.368350,-0.004991,0.007037,0.743885,-1.653087,-1.956288,-1.120028,1.573669,-0.072439,-3.066656,-5.897222,-19.019921,-0.211614,0.885315,-0.114811
3469.947311,0.467571,0.195221,0.222427,0.929647,-0.368350,-0.004991,0.007037,0.744734,-1.653627,-1.955927,-1.119847,1.573683,-0.071590,-4.688149,-5.878777,-19.498024,-0.244978,0.828077,-0.135644
3469.977337,0.467571,0.195775,0.222347,0.929647,-0.368350,-0.004991,0.007037,0.745581,-1.654168,-1.955569,-1.119661,1.573697,-0.070743,-4.469645,-5.928282,-19.498184,-0.249000,0.831016,-0.141634
3469.997367,0.467571,0.196330,0.222271,0.929647,-0.368350,-0.004991,0.007037,0.746429,-1.654706,-1.955201,-1.119488,1.573712,-0.069896,-5.606014,-6.828290,-19.897801,-0.208999,0.781165,-0.123635
3470.027419,0.467571,0.196885,0.222202,0.929647,-0.368350,-0.004991,0.007037,0.747275,-1.655239,-1.954817,-1.119337,1.573726,-0.069050,-5.617571,-6.744661,-20.047938,-0.217724,0.780100,-0.118763
3470.047386,0.467571,0.197440,0.222131,0.929647,-0.368350,-0.004991,0.007037,0.748120,-1.655774,-1.954435,-1.119181,1.573741,-0.068205,-3.454396,-6.466597,-19.229690,-0.168641,0.868408,-0.125799
3470.067453,0.467571,0.197995,0.222054,0.929647,-0.368350,-0.004991,0.007037,0.748964,-1.656317,-1.954064,-1.119007,1.573755,-0.067361,-3.885617,-5.850874,-19.578800,-0.243888,0.840770,-0.139685
3470.087421,0.467571,0.198549,0.221985,0.929647,-0.368350,-0.004991,0.007037,0.749805,-1.656852,-1.953677,-1.118857,1.573769,-0.066519,-5.476198,-6.392383,-20.067803,-0.239822,0.788157,-0.115718
3470.107461,0.467571,0.199104,0.221919,0.929647,-0.368350,-0.004991,0.007037,0.750647,-1.657386,-1.953283,-1.118714,1.573784,-0.065678,-4.120230,-6.676173,-19.379258,-0.163659,0.851580,-0.135791
3470.127505,0.467571,0.199659,0.221842,0.929647,-0.368350,-0.004991,0.007037,0.751488,-1.657931,-1.952907,-1.118542,1.573798,-0.064837,-3.393348,-5.804123,-19.349592,-0.234748,0.855452,-0.130749
3470.147487,0.467571,0.200214,0.221769,0.929647,-0.368350,-0.004991,0.007037,0.752328,-1.658473,-1.952522,-1.118383,1.573812,-0.063997,-5.185961,-6.189598,-19.907790,-0.246943,0.801167,-0.122662
3470.167530,0.467571,0.200768,0.221705,0.929647,-0.368350,-0.004991,0.007037,0.753165,-1.659007,-1.952120,-1.118248,1.573826,-0.063160,-4.824540,-7.056121,-19.648663,-0.162661,0.821814,-0.140791
3470.187541,0.467571,0.201323,0.221631,0.929647,-0.368350,-0.004991,0.007037,0.754003,-1.659552,-1.951733,-1.118088,1.573841,-0.062322,-3.086184,-6.007679,-19.399870,-0.210594,0.872335,-0.123820
3470.217570,0.467571,0.201878,0.221557,0.929647,-0.368350,-0.004991,0.007037,0.754840,-1.660099,-1.951346,-1.117925,1.573855,-0.061486,-2.985533,-6.096891,-19.309806,-0.204628,0.876362,-0.121804
3470.237722,0.467571,0.202433,0.221479,0.929647,-0.368350,-0.004991,0.007037,0.755675,-1.660650,-1.950965,-1.117753,1.573869,-0.060650,-4.680210,-6.119084,-19.728240,-0.241965,0.806992,-0.140650
3470.257688,0.467571,0.202987,0.221412,0.929647,-0.368350,-0.004991,0.007037,0.756508,-1.661191,-1.950563,-1.117611,1.573883,-0.059817,-5.587982,-7.204112,-20.047984,-0.181748,0.771084,-0.132752
3470.277606,0.467571,0.203542,0.221342,0.929647,-0.368350,-0.004991,0.007037,0.757342,-1.661736,-1.950163,-1.117465,1.573897,-0.058984,-3.164580,-6.356866,-19.209707,-0.179629,0.863401,-0.123804
3470.307615,0.467571,0.204097,0.221270,0.929647,-0.368350,-0.004991,0.007037,0.758174,-1.662284,-1.949765,-1.117311,1.573911,-0.058152,-3.355572,-6.457533,-19.119807,-0.166600,0.855360,-0.127817
3470.327669,0.467571,0.204652,0.221190,0.929647,-0.368350,-0.004991,0.007037,0.759006,-1.662841,-1.949382,-1.117135,1.573925,-0.057321,-4.010641,-6.050983,-19.459324,-0.232883,0.815563,-0.146686
3470.347684,0.467571,0.205207,0.221122,0.929647,-0.368350,-0.004991,0.007037,0.759836,-1.663387,-1.948975,-1.116993,1.573940,-0.056491,-5.557367,-6.754014,-19.967919,-0.215752,0.763109,-0.122750
3470.367647,0.467571,0.205761,0.221053,0.929647,-0.368350,-0.004991,0.007037,0.760664,-1.663934,-1.948568,-1.116851,1.573954,-0.055663,-3.896971,-6.903780,-19.258929,-0.143762,0.833714,-0.137744
3470.397661,0.467571,0.206316,0.220984,0.929647,-0.368350,-0.004991,0.007037,0.761492,-1.664482,-1.948158,-1.116709,1.573968,-0.054835,-4.254407,-7.055438,-19.408653,-0.142690,0.822819,-0.141778
3470.417730,0.467571,0.206871,0.220906,0.929647,-0.368350,-0.004991,0.007037,0.762319,-1.665041,-1.947765,-1.116541,1.573982,-0.054008,-3.303972,-6.083719,-19.239659,-0.212765,0.837426,-0.132741
3470.437730,0.467571,0.207426,0.220829,0.929647,-0.368350,-0.004991,0.007037,0.763145,-1.665601,-1.947370,-1.116374,1.573996,-0.053182,-5.087147,-6.356822,-19.707927,-0.233063,0.776119,-0.128605
3470.457763,0.467571,0.207980,0.220762,0.929647,-0.368350,-0.004991,0.007037,0.763968,-1.666149,-1.946953,-1.116240,1.574010,-0.052359,-4.970503,-7.205901,-19.468241,-0.162670,0.778980,-0.143788
3470.487807,0.467571,0.208535,0.220692,0.929647,-0.368350,-0.004991,0.007037,0.764792,-1.666702,-1.946539,-1.116097,1.574024,-0.051535,-5.140005,-7.215683,-19.518189,-0.170680,0.764000,-0.140783
3470.507784,0.467571,0.209090,0.220621,0.929647,-0.368350,-0.004991,0.007037,0.765615,-1.667258,-1.946127,-1.115952,1.574038,-0.050712,-3.043242,-6.186973,-18.969568,-0.194624,0.841456,-0.124807
3470.537794,0.467571,0.209645,0.220549,0.929647,-0.368350,-0.004991,0.007037,0.766437,-1.667815,-1.945715,-1.115804,1.574051,-0.049890,-3.213684,-6.327525,-18.899611,-0.180600,0.837438,-0.124818
3470.557846,0.467571,0.210199,0.220469,0.929647,-0.368350,-0.004991,0.007037,0.767256,-1.668381,-1.945318,-1.115632,1.574065,-0.049071,-4.215223,-6.050540,-19.238760,-0.235902,0.786786,-0.147678
3470.577843,0.467571,0.210754,0.220398,0.929647,-0.368350,-0.004991,0.007037,0.768076,-1.668939,-1.944900,-1.115490,1.574079,-0.048252,-5.447279,-6.812924,-19.737915,-0.210799,0.742113,-0.125728
3470.597824,0.467571,0.211309,0.220330,0.929647,-0.368350,-0.004991,0.007037,0.768894,-1.669495,-1.944476,-1.115354,1.574093,-0.047433,-3.729051,-6.665578,-19.019138,-0.156685,0.807628,-0.134779
3470.627925,0.467571,0.211864,0.220259,0.929647,-0.368350,-0.004991,0.007037,0.769712,-1.670056,-1.944056,-1.115211,1.574107,-0.046616,-4.145426,-6.824213,-19.118765,-0.147743,0.793778,-0.140753
3470.647920,0.467571,0.212419,0.220182,0.929647,-0.368350,-0.004991,0.007037,0.770528,-1.670623,-1.943647,-1.115051,1.574121,-0.045799,-3.684763,-5.986615,-19.119728,-0.220640,0.787393,-0.139799
3470.667907,0.467571,0.212973,0.220105,0.929647,-0.368350,-0.004991,0.007037,0.771342,-1.671190,-1.943236,-1.114892,1.574135,-0.044985,-5.227507,-6.327817,-19.627961,-0.232020,0.740104,-0.129625
3470.687947,0.467571,0.213528,0.220036,0.929647,-0.368350,-0.004991,0.007037,0.772157,-1.671750,-1.942806,-1.114759,1.574148,-0.044171,-5.001564,-7.144677,-19.428358,-0.149723,0.754936,-0.147763
3470.717936,0.467571,0.214083,0.219969,0.929647,-0.368350,-0.004991,0.007037,0.772970,-1.672310,-1.942373,-1.114630,1.574162,-0.043358,-5.280724,-7.236801,-19.658260,-0.157631,0.737971,-0.147806
3470.748059,0.467571,0.214638,0.219899,0.929647,-0.368350,-0.004991,0.007037,0.773783,-1.672873,-1.941943,-1.114494,1.574176,-0.042546,-5.490469,-7.175331,-19.658240,-0.172695,0.724981,-0.143776
3470.768005,0.467571,0.215192,0.219827,0.929647,-0.368350,-0.004991,0.007037,0.774592,-1.673440,-1.941518,-1.114349,1.574190,-0.041736,-3.424053,-6.277520,-19.039650,-0.187601,0.804422,-0.128817
3470.788037,0.467571,0.215747,0.219748,0.929647,-0.368350,-0.004991,0.007037,0.775403,-1.674014,-1.941101,-1.114189,1.574203,-0.040926,-4.542203,-6.179323,-19.318448,-0.234955,0.755910,-0.149655
3470.807990,0.467571,0.216302,0.219681,0.929647,-0.368350,-0.004991,0.007037,0.776212,-1.674578,-1.940663,-1.114061,1.574217,-0.040117,-5.618278,-6.895147,-19.708010,-0.201703,0.715071,-0.133773
3470.838066,0.467571,0.216857,0.219608,0.929647,-0.368350,-0.004991,0.007037,0.777020,-1.675148,-1.940232,-1.113919,1.574231,-0.039309,-5.477795,-6.562798,-19.597970,-0.222804,0.724091,-0.129726
3470.858082,0.467571,0.217411,0.219538,0.929647,-0.368350,-0.004991,0.007037,0.777825,-1.675715,-1.939797,-1.113784,1.574244,-0.038503,-3.859728,-6.535140,-18.949210,-0.166703,0.795601,-0.139770
3470.888120,0.467571,0.217966,0.219467,0.929647,-0.368350,-0.004991,0.007037,0.778631,-1.676284,-1.939359,-1.113650,1.574258,-0.037698,-4.167382,-6.774640,-19.098968,-0.161725,0.783697,-0.144761
3470.908112,0.467571,0.218521,0.219388,0.929647,-0.368350,-0.004991,0.007037,0.779436,-1.676863,-1.938936,-1.113490,1.574271,-0.036893,-3.654097,-5.964428,-19.009669,-0.231734,0.780421,-0.142755
