3019.444543,0.467600,-0.057180,0.258272,0.929647,-0.368350,-0.004991,0.007037,0.260305,-1.539997,-1.965180,-1.223610,1.565429,-0.555950,0.996228,-0.557126,5.881422,-0.046617,0.423845,0.039188
3019.494586,0.467599,-0.056627,0.258152,0.929647,-0.368350,-0.004991,0.007037,0.261517,-1.539948,-1.965583,-1.223264,1.565449,-0.554739,0.974583,-0.394340,5.931236,-0.056738,0.417778,0.036245
3019.514561,0.467598,-0.056072,0.258009,0.929647,-0.368350,-0.004991,0.007037,0.262731,-1.539918,-1.966033,-1.222850,1.565469,-0.553525,0.995133,-0.404525,5.611295,-0.053730,0.416800,0.037241
3019.534586,0.467597,-0.055518,0.257843,0.929647,-0.368350,-0.004991,0.007037,0.263944,-1.539908,-1.966535,-1.222364,1.565489,-0.552312,1.062197,-0.300882,5.600972,-0.059888,0.416680,0.035315
3019.554646,0.467597,-0.054963,0.257666,0.929647,-0.368350,-0.004991,0.007037,0.265157,-1.539908,-1.967057,-1.221848,1.565509,-0.551099,1.215505,-0.361927,5.681322,-0.065842,0.440816,0.036293
3019.574665,0.467596,-0.054410,0.257489,0.929647,-0.368350,-0.004991,0.007037,0.266368,-1.539911,-1.967580,-1.221329,1.565528,-0.549889,1.617943,-0.135906,5.321596,-0.097670,0.498916,0.035212
3019.594633,0.467595,-0.053855,0.257312,0.929647,-0.368350,-0.004991,0.007037,0.267580,-1.539915,-1.968102,-1.220809,1.565548,-0.548676,1.857041,-0.114997,4.691497,-0.113710,0.540879,0.036231
3019.614696,0.467594,-0.053301,0.257135,0.929647,-0.368350,-0.004991,0.007037,0.268793,-1.539920,-1.968619,-1.220293,1.565568,-0.547464,2.107407,0.035188,4.091535,-0.152718,0.594894,0.037235
3019.634653,0.467593,-0.052747,0.256962,0.929647,-0.368350,-0.004991,0.007037,0.270005,-1.539924,-1.969129,-1.219785,1.565588,-0.546252,2.418276,0.174333,3.411630,-0.191681,0.653930,0.034217
3019.654739,0.467592,-0.052193,0.256790,0.929647,-0.368350,-0.004991,0.007037,0.271215,-1.539929,-1.969634,-1.219282,1.565608,-0.545042,2.688038,0.295022,2.691602,-0.226710,0.706920,0.033231
3019.674685,0.467591,-0.051639,0.256622,0.929647,-0.368350,-0.004991,0.007037,0.272427,-1.539933,-1.970130,-1.218789,1.565628,-0.543831,3.007782,0.474246,1.921578,-0.270677,0.773909,0.033216
3019.694699,0.467590,-0.051084,0.256456,0.929647,-0.368350,-0.004991,0.007037,0.273638,-1.539935,-1.970617,-1.218306,1.565648,-0.542619,3.288351,0.663641,1.121641,-0.315651,0.839933,0.031203
3019.714733,0.467589,-0.050530,0.256295,0.929647,-0.368350,-0.004991,0.007037,0.274849,-1.539937,-1.971094,-1.217833,1.565668,-0.541408,3.618551,0.873937,0.201661,-0.358663,0.914941,0.031209
3019.734859,0.467589,-0.049975,0.256137,0.929647,-0.368350,-0.004991,0.007037,0.276060,-1.539936,-1.971562,-1.217372,1.565688,-0.540197,4.018025,1.134373,-0.828397,-0.409682,1.005919,0.030218
3019.754856,0.467588,-0.049422,0.255984,0.929647,-0.368350,-0.004991,0.007037,0.277269,-1.539935,-1.972019,-1.216922,1.565708,-0.538989,4.517438,1.474613,-1.868459,-0.465693,1.100895,0.029223
3019.774785,0.467587,-0.048867,0.255836,0.929647,-0.368350,-0.004991,0.007037,0.278480,-1.539930,-1.972461,-1.216492,1.565728,-0.537778,4.907850,1.723096,-3.048409,-0.519627,1.191912,0.029192
3019.794901,0.467586,-0.048313,0.255694,0.929647,-0.368350,-0.004991,0.007037,0.279690,-1.539922,-1.972889,-1.216077,1.565748,-0.536568,5.418509,2.063812,-4.198343,-0.580658,1.296939,0.029207
3019.814836,0.467586,-0.047758,0.255559,0.929647,-0.368350,-0.004991,0.007037,0.280901,-1.539911,-1.973303,-1.215681,1.565768,-0.535358,5.937616,2.363478,-5.518435,-0.644644,1.400902,0.028200
3019.834848,0.467585,-0.047205,0.255429,0.929647,-0.368350,-0.004991,0.007037,0.282108,-1.539896,-1.973700,-1.215305,1.565788,-0.534150,6.467765,2.682796,-6.798416,-0.709614,1.511908,0.027186
3019.854884,0.467585,-0.046650,0.255307,0.929647,-0.368350,-0.004991,0.007037,0.283318,-1.539877,-1.974081,-1.214948,1.565808,-0.532940,7.038052,3.072688,-8.078386,-0.774609,1.624920,0.028184
3019.874887,0.467584,-0.046095,0.255190,0.929647,-0.368350,-0.004991,0.007037,0.284528,-1.539855,-1.974447,-1.214611,1.565828,-0.531731,7.567200,3.383056,-9.428477,-0.836625,1.733885,0.027192
3019.894922,0.467584,-0.045540,0.255081,0.929647,-0.368350,-0.004991,0.007037,0.285737,-1.539829,-1.974796,-1.214294,1.565848,-0.530522,8.107013,3.673360,-10.788498,-0.902638,1.839878,0.026198
3019.914978,0.467584,-0.044987,0.254979,0.929647,-0.368350,-0.004991,0.007037,0.286944,-1.539798,-1.975128,-1.213998,1.565868,-0.529315,8.606819,3.993216,-12.128518,-0.963632,1.954870,0.027195
3019.934955,0.467583,-0.044432,0.254882,0.929647,-0.368350,-0.004991,0.007037,0.288153,-1.539765,-1.975446,-1.213720,1.565888,-0.528106,9.126192,4.303794,-13.398586,-1.024657,2.058844,0.028207
3019.954934,0.467583,-0.043877,0.254792,0.929647,-0.368350,-0.004991,0.007037,0.289361,-1.539727,-1.975749,-1.213461,1.565908,-0.526898,9.606052,4.625311,-14.778608,-1.090723,2.160838,0.027237
3019.975035,0.467583,-0.043322,0.254709,0.929647,-0.368350,-0.004991,0.007037,0.290570,-1.539685,-1.976034,-1.213223,1.565928,-0.525690,10.226093,5.015546,-16.058605,-1.159733,2.276840,0.025242
3019.995031,0.467583,-0.042767,0.254633,0.929647,-0.368350,-0.004991,0.007037,0.291778,-1.539640,-1.976303,-1.213006,1.565948,-0.524482,10.775669,5.365793,-17.348650,-1.221744,2.383823,0.024247
3020.014967,0.467582,-0.042213,0.254563,0.929647,-0.368350,-0.004991,0.007037,0.292983,-1.539591,-1.976557,-1.212807,1.565968,-0.523276,11.225253,5.596729,-18.558698,-1.272784,2.477806,0.026266
3020.034976,0.467582,-0.041658,0.254501,0.929647,-0.368350,-0.004991,0.007037,0.294191,-1.539537,-1.976792,-1.212631,1.565988,-0.522069,11.645799,5.835594,-19.678636,-1.325735,2.560828,0.025243
3020.055011,0.467582,-0.041103,0.254444,0.929647,-0.368350,-0.004991,0.007037,0.295398,-1.539480,-1.977015,-1.212471,1.566008,-0.520862,11.965505,6.024816,-20.408663,-1.361701,2.616816,0.025228
3020.075088,0.467582,-0.040548,0.254390,0.929647,-0.368350,-0.004991,0.007037,0.296605,-1.539422,-1.977228,-1.212322,1.566028,-0.519655,12.085727,6.095322,-21.008642,-1.383723,2.653825,0.024238
3020.095022,0.467582,-0.039994,0.254340,0.929647,-0.368350,-0.004991,0.007037,0.297810,-1.539362,-1.977432,-1.212183,1.566048,-0.518451,12.235728,6.155886,-21.448645,-1.397748,2.690825,0.024249
3020.115087,0.467582,-0.039439,0.254291,0.929647,-0.368350,-0.004991,0.007037,0.299016,-1.539303,-1.977632,-1.212048,1.566068,-0.517244,12.394249,6.295964,-21.698800,-1.413751,2.718764,0.023251
3020.135143,0.467583,-0.038884,0.254245,0.929647,-0.368350,-0.004991,0.007037,0.300222,-1.539244,-1.977827,-1.211918,1.566088,-0.516038,12.404894,6.296376,-21.858734,-1.414769,2.730791,0.023259
3020.155148,0.467583,-0.038329,0.254199,0.929647,-0.368350,-0.004991,0.007037,0.301428,-1.539185,-1.978016,-1.211793,1.566108,-0.514833,12.384771,6.295505,-21.928743,-1.417731,2.734786,0.023242
3020.175115,0.467583,-0.037775,0.254153,0.929647,-0.368350,-0.004991,0.007037,0.302631,-1.539129,-1.978206,-1.211665,1.566128,-0.513630,12.324340,6.296542,-21.898793,-1.415776,2.726768,0.022263
3020.195110,0.467583,-0.037220,0.254106,0.929647,-0.368350,-0.004991,0.007037,0.303836,-1.539074,-1.978396,-1.211535,1.566148,-0.512425,12.153087,6.196809,-21.758925,-1.402788,2.707716,0.022268
3020.215160,0.467583,-0.036665,0.254059,0.929647,-0.368350,-0.004991,0.007037,0.305041,-1.539021,-1.978585,-1.211405,1.566168,-0.511220,11.914130,6.026321,-21.538814,-1.383767,2.678759,0.023258
3020.235145,0.467583,-0.036110,0.254011,0.929647,-0.368350,-0.004991,0.007037,0.306246,-1.538971,-1.978776,-1.211270,1.566188,-0.510016,11.794090,5.915835,-21.088816,-1.363746,2.648758,0.023248
3020.255183,0.467583,-0.035555,0.253960,0.929647,-0.368350,-0.004991,0.007037,0.307450,-1.538923,-1.978970,-1.211129,1.566208,-0.508812,11.634022,5.796260,-20.698825,-1.338764,2.614755,0.023257
3020.275216,0.467583,-0.035001,0.253906,0.929647,-0.368350,-0.004991,0.007037,0.308651,-1.538881,-1.979170,-1.210977,1.566228,-0.507610,11.424226,5.656892,-20.208806,-1.315791,2.573763,0.023270
3020.295152,0.467583,-0.034446,0.253850,0.929647,-0.368350,-0.004991,0.007037,0.309855,-1.538841,-1.979374,-1.210819,1.566248,-0.506407,11.183929,5.546486,-19.708836,-1.294774,2.526751,0.022262
3020.315222,0.467583,-0.033891,0.253789,0.929647,-0.368350,-0.004991,0.007037,0.311058,-1.538807,-1.979586,-1.210646,1.566268,-0.505204,10.973527,5.417782,-19.078884,-1.266830,2.479735,0.023288
3020.335183,0.467583,-0.033336,0.253725,0.929647,-0.368350,-0.004991,0.007037,0.312260,-1.538777,-1.979804,-1.210463,1.566288,-0.504002,10.723694,5.278371,-18.568869,-1.239855,2.435742,0.023300
3020.355270,0.467583,-0.032782,0.253659,0.929647,-0.368350,-0.004991,0.007037,0.313460,-1.538750,-1.980025,-1.210274,1.566308,-0.502802,10.563694,5.227003,-18.018863,-1.219796,2.395741,0.023272
3020.375294,0.467583,-0.032227,0.253590,0.929647,-0.368350,-0.004991,0.007037,0.314662,-1.538727,-1.980250,-1.210078,1.566328,-0.501600,10.384458,5.106315,-17.498780,-1.194766,2.356773,0.024258
3020.395302,0.467583,-0.031672,0.253519,0.929647,-0.368350,-0.004991,0.007037,0.315864,-1.538708,-1.980479,-1.209874,1.566348,-0.500399,10.153724,4.955721,-17.138854,-1.168741,2.321743,0.023246
3020.415274,0.467583,-0.031117,0.253444,0.929647,-0.368350,-0.004991,0.007037,0.317065,-1.538693,-1.980716,-1.209656,1.566368,-0.499198,10.034076,4.868058,-16.678827,-1.148842,2.290757,0.023293
3020.435270,0.467583,-0.030563,0.253367,0.929647,-0.368350,-0.004991,0.007037,0.318263,-1.538681,-1.980955,-1.209435,1.566388,-0.498000,9.914308,4.776261,-16.278795,-1.131764,2.262767,0.023257
3020.455296,0.467583,-0.030008,0.253289,0.929647,-0.368350,-0.004991,0.007037,0.319464,-1.538672,-1.981196,-1.209208,1.566408,-0.496799,9.775660,4.636452,-15.878654,-1.109772,2.233822,0.023261
3020.475321,0.467583,-0.029453,0.253207,0.929647,-0.368350,-0.004991,0.007037,0.320664,-1.538667,-1.981443,-1.208971,1.566428,-0.495600,9.623627,4.556606,-15.518868,-1.092779,2.198739,0.022264
3020.495311,0.467582,-0.028898,0.253123,0.929647,-0.368350,-0.004991,0.007037,0.321863,-1.538666,-1.981694,-1.208726,1.566448,-0.494400,9.464083,4.436552,-15.108820,-1.073777,2.167757,0.021263
3020.515500,0.467582,-0.028344,0.253037,0.929647,-0.368350,-0.004991,0.007037,0.323062,-1.538668,-1.981948,-1.208476,1.566468,-0.493201,9.374546,4.306524,-14.798771,-1.055775,2.146776,0.021262
3020.535384,0.467582,-0.027790,0.252949,0.929647,-0.368350,-0.004991,0.007037,0.324259,-1.538673,-1.982204,-1.208220,1.566488,-0.492005,9.224740,4.216331,-14.548750,-1.040767,2.124784,0.020258
3020.555414,0.467582,-0.027235,0.252859,0.929647,-0.368350,-0.004991,0.007037,0.325457,-1.538681,-1.982464,-1.207957,1.566508,-0.490807,9.154441,4.176737,-14.378783,-1.031785,2.106772,0.019267
3020.575404,0.467582,-0.026680,0.252767,0.929647,-0.368350,-0.004991,0.007037,0.326655,-1.538692,-1.982725,-1.207690,1.566528,-0.489609,9.194452,4.197373,-14.218785,-1.030812,2.100773,0.019279
3020.595444,0.467582,-0.026125,0.252676,0.929647,-0.368350,-0.004991,0.007037,0.327853,-1.538705,-1.982985,-1.207423,1.566548,-0.488411,9.185246,4.226164,-14.088696,-1.031760,2.090805,0.020255
3020.615494,0.467581,-0.025571,0.252584,0.929647,-0.368350,-0.004991,0.007037,0.329048,-1.538720,-1.983245,-1.207153,1.566568,-0.487217,9.065234,4.176348,-14.088698,-1.024768,2.081805,0.019259
3020.635457,0.467581,-0.025016,0.252491,0.929647,-0.368350,-0.004991,0.007037,0.330244,-1.538736,-1.983503,-1.206883,1.566588,-0.486020,9.105437,4.205378,-14.058673,-1.024726,2.080813,0.019239
3020.655536,0.467581,-0.024461,0.252399,0.929647,-0.368350,-0.004991,0.007037,0.331441,-1.538755,-1.983762,-1.206611,1.566608,-0.484824,9.095064,4.135122,-14.058711,-1.016715,2.079798,0.018234
3020.675500,0.467581,-0.023906,0.252306,0.929647,-0.368350,-0.004991,0.007037,0.332637,-1.538774,-1.984018,-1.206341,1.566628,-0.483628,9.105428,4.124814,-14.088671,-1.017701,2.080813,0.019228
3020.695500,0.467581,-0.023353,0.252213,0.929647,-0.368350,-0.004991,0.007037,0.333830,-1.538796,-1.984275,-1.206067,1.566648,-0.482435,9.205885,4.235996,-14.108629,-1.025752,2.093831,0.019251
3020.715516,0.467580,-0.022798,0.252120,0.929647,-0.368350,-0.004991,0.007037,0.335025,-1.538819,-1.984529,-1.205795,1.566668,-0.481240,9.215839,4.275144,-14.138630,-1.027716,2.100829,0.020234
3020.735522,0.467580,-0.022243,0.252028,0.929647,-0.368350,-0.004991,0.007037,0.336220,-1.538843,-1.984779,-1.205526,1.566688,-0.480046,9.316086,4.303916,-14.248598,-1.031663,2.116840,0.019209
3020.755538,0.467580,-0.021688,0.251936,0.929647,-0.368350,-0.004991,0.007037,0.337414,-1.538868,-1.985028,-1.205257,1.566708,-0.478851,9.445877,4.374384,-14.398622,-1.041683,2.128831,0.019219
3020.775556,0.467580,-0.021133,0.251844,0.929647,-0.368350,-0.004991,0.007037,0.338608,-1.538895,-1.985276,-1.204987,1.566728,-0.477658,9.495844,4.474985,-14.478628,-1.050709,2.144830,0.019231
3020.795569,0.467580,-0.020579,0.251755,0.929647,-0.368350,-0.004991,0.007037,0.339799,-1.538921,-1.985517,-1.204724,1.566748,-0.476467,9.656552,4.553430,-14.678547,-1.062641,2.164859,0.019199
3020.815665,0.467579,-0.020024,0.251666,0.929647,-0.368350,-0.004991,0.007037,0.340992,-1.538949,-1.985756,-1.204463,1.566768,-0.475274,9.836272,4.673381,-14.958576,-1.077639,2.187847,0.018198
3020.835587,0.467579,-0.019469,0.251577,0.929647,-0.368350,-0.004991,0.007037,0.342184,-1.538978,-1.985993,-1.204201,1.566788,-0.474082,9.886621,4.704529,-15.148545,-1.085689,2.206862,0.019222
3020.855688,0.467579,-0.018915,0.251489,0.929647,-0.368350,-0.004991,0.007037,0.343376,-1.539007,-1.986226,-1.203943,1.566808,-0.472890,10.066270,4.734556,-15.398582,-1.101690,2.234847,0.018222
3020.875656,0.467579,-0.018361,0.251402,0.929647,-0.368350,-0.004991,0.007037,0.344566,-1.539038,-1.986457,-1.203686,1.566828,-0.471701,10.244392,4.915368,-15.808782,-1.124725,2.264770,0.016239
3020.895655,0.467579,-0.017806,0.251316,0.929647,-0.368350,-0.004991,0.007037,0.345757,-1.539069,-1.986682,-1.203435,1.566848,-0.470510,10.335591,4.985541,-16.238657,-1.141733,2.288819,0.015242
3020.915652,0.467579,-0.017251,0.251234,0.929647,-0.368350,-0.004991,0.007037,0.346948,-1.539099,-1.986899,-1.203193,1.566868,-0.469319,10.565692,5.114547,-16.588642,-1.162690,2.327823,0.015222
3020.935651,0.467579,-0.016696,0.251153,0.929647,-0.368350,-0.004991,0.007037,0.348138,-1.539128,-1.987109,-1.202958,1.566888,-0.468129,10.755845,5.264176,-16.898624,-1.181674,2.360830,0.015215
3020.955734,0.467578,-0.016142,0.251075,0.929647,-0.368350,-0.004991,0.007037,0.349325,-1.539157,-1.987314,-1.202729,1.566908,-0.466942,10.866149,5.303481,-17.228589,-1.192644,2.386842,0.015201
3020.975707,0.467578,-0.015587,0.250998,0.929647,-0.368350,-0.004991,0.007037,0.350515,-1.539187,-1.987515,-1.202502,1.566928,-0.465752,10.976454,5.404925,-17.578564,-1.210706,2.411855,0.014230
3020.995751,0.467578,-0.015032,0.250922,0.929647,-0.368350,-0.004991,0.007037,0.351704,-1.539218,-1.987713,-1.202279,1.566948,-0.464564,11.125277,5.475255,-17.938689,-1.227720,2.435806,0.013237
3021.015735,0.467578,-0.014477,0.250848,0.929647,-0.368350,-0.004991,0.007037,0.352892,-1.539248,-1.987903,-1.202063,1.566968,-0.463375,11.305514,5.525368,-18.248665,-1.240725,2.463816,0.012239
3021.045824,0.467578,-0.013922,0.250775,0.929647,-0.368350,-0.004991,0.007037,0.354080,-1.539279,-1.988091,-1.201849,1.566988,-0.462188,11.496168,5.665086,-18.508595,-1.261713,2.494843,0.012233
3021.065813,0.467578,-0.013368,0.250702,0.929647,-0.368350,-0.004991,0.007037,0.355265,-1.539311,-1.988278,-1.201634,1.567008,-0.461003,11.474334,5.625806,-18.648790,-1.262744,2.498768,0.012248
3021.085789,0.467578,-0.012813,0.250632,0.929647,-0.368350,-0.004991,0.007037,0.356452,-1.539343,-1.988456,-1.201428,1.567028,-0.459816,11.424495,5.604815,-18.798769,-1.264701,2.506774,0.012228
3021.105829,0.467578,-0.012258,0.250562,0.929647,-0.368350,-0.004991,0.007037,0.357639,-1.539376,-1.988633,-1.201222,1.567048,-0.458629,11.365641,5.585337,-18.798651,-1.262724,2.503821,0.012238
3021.135886,0.467578,-0.011703,0.250491,0.929647,-0.368350,-0.004991,0.007037,0.358825,-1.539412,-1.988811,-1.201014,1.567068,-0.457444,11.225592,5.485404,-18.768657,-1.246727,2.492819,0.012239
3021.155907,0.467578,-0.011149,0.250420,0.929647,-0.368350,-0.004991,0.007037,0.360008,-1.539449,-1.988987,-1.200805,1.567088,-0.456260,11.164436,5.484583,-18.738774,-1.246691,2.487772,0.011223
3021.175884,0.467578,-0.010594,0.250349,0.929647,-0.368350,-0.004991,0.007037,0.361193,-1.539487,-1.989161,-1.200597,1.567108,-0.455076,11.044780,5.375085,-18.718740,-1.240713,2.474786,0.010233
3021.196031,0.467578,-0.010039,0.250277,0.929647,-0.368350,-0.004991,0.007037,0.362377,-1.539528,-1.989336,-1.200386,1.567128,-0.453891,10.974710,5.325722,-18.668751,-1.236741,2.465783,0.010246
3021.225971,0.467578,-0.009484,0.250204,0.929647,-0.368350,-0.004991,0.007037,0.363561,-1.539571,-1.989512,-1.200171,1.567148,-0.452707,10.894907,5.285666,-18.568730,-1.232738,2.452791,0.009245
3021.246014,0.467578,-0.008930,0.250131,0.929647,-0.368350,-0.004991,0.007037,0.364743,-1.539615,-1.989686,-1.199956,1.567168,-0.451526,10.814660,5.255411,-18.508754,-1.222727,2.442781,0.009240
3021.266000,0.467578,-0.008375,0.250059,0.929647,-0.368350,-0.004991,0.007037,0.365926,-1.539661,-1.989858,-1.199743,1.567188,-0.450343,10.695257,5.175697,-18.478693,-1.214740,2.432806,0.010245
3021.285981,0.467578,-0.007820,0.249987,0.929647,-0.368350,-0.004991,0.007037,0.367108,-1.539708,-1.990029,-1.199529,1.567207,-0.449161,10.625948,5.035791,-18.408621,-1.204744,2.414834,0.010247
3021.306093,0.467578,-0.007265,0.249915,0.929647,-0.368350,-0.004991,0.007037,0.368290,-1.539757,-1.990197,-1.199316,1.567227,-0.447979,10.595731,5.024388,-18.318637,-1.200683,2.405825,0.010219
3021.326022,0.467578,-0.006710,0.249842,0.929647,-0.368350,-0.004991,0.007037,0.369471,-1.539808,-1.990366,-1.199101,1.567247,-0.446798,10.605823,5.004710,-18.278629,-1.194697,2.403829,0.009225
3021.346120,0.467578,-0.006156,0.249767,0.929647,-0.368350,-0.004991,0.007037,0.370650,-1.539862,-1.990537,-1.198881,1.567267,-0.445620,10.564966,4.995859,-18.198724,-1.190747,2.399794,0.009249
3021.366086,0.467578,-0.005601,0.249692,0.929647,-0.368350,-0.004991,0.007037,0.371831,-1.539917,-1.990707,-1.198659,1.567287,-0.444439,10.645266,5.006351,-18.168695,-1.193768,2.402806,0.008259
3021.386148,0.467578,-0.005046,0.249617,0.929647,-0.368350,-0.004991,0.007037,0.373010,-1.539975,-1.990877,-1.198436,1.567307,-0.443260,10.664910,4.996895,-18.218735,-1.193791,2.404791,0.006270
3021.406143,0.467578,-0.004492,0.249542,0.929647,-0.368350,-0.004991,0.007037,0.374190,-1.540033,-1.991044,-1.198214,1.567327,-0.442081,10.615070,4.995394,-18.088711,-1.190726,2.397798,0.007239
3021.426092,0.467578,-0.003938,0.249466,0.929647,-0.368350,-0.004991,0.007037,0.375366,-1.540094,-1.991211,-1.197990,1.567347,-0.440904,10.625720,5.025570,-17.978644,-1.186734,2.398825,0.007243
3021.446140,0.467578,-0.003383,0.249390,0.929647,-0.368350,-0.004991,0.007037,0.376544,-1.540157,-1.991379,-1.197763,1.567367,-0.439726,10.624727,5.015912,-17.938750,-1.185749,2.391784,0.007250
3021.466079,0.467578,-0.002828,0.249313,0.929647,-0.368350,-0.004991,0.007037,0.377722,-1.540222,-1.991546,-1.197536,1.567387,-0.438549,10.575073,4.995811,-17.878713,-1.182744,2.386798,0.007248
3021.486158,0.467578,-0.002273,0.249236,0.929647,-0.368350,-0.004991,0.007037,0.378899,-1.540288,-1.991712,-1.197307,1.567407,-0.437372,10.574567,5.036087,-17.868767,-1.182756,2.383777,0.006253
3021.506099,0.467577,-0.001719,0.249159,0.929647,-0.368350,-0.004991,0.007037,0.380074,-1.540356,-1.991877,-1.197078,1.567427,-0.436198,10.514432,5.035829,-17.748780,-1.177745,2.379772,0.006248
3021.526146,0.467577,-0.001164,0.249082,0.929647,-0.368350,-0.004991,0.007037,0.381250,-1.540427,-1.992042,-1.196847,1.567446,-0.435022,10.454564,5.045923,-17.668767,-1.177749,2.371777,0.006250
3021.546154,0.467577,-0.000609,0.249003,0.929647,-0.368350,-0.004991,0.007037,0.382425,-1.540499,-1.992208,-1.196612,1.567466,-0.433846,10.514761,5.086188,-17.588747,-1.177761,2.370785,0.006255
3021.566238,0.467577,-0.000054,0.248924,0.929647,-0.368350,-0.004991,0.007037,0.383600,-1.540574,-1.992373,-1.196376,1.567486,-0.432672,10.505094,5.026131,-17.548712,-1.174758,2.368799,0.005254
3021.586245,0.467577,0.000501,0.248845,0.929647,-0.368350,-0.004991,0.007037,0.384774,-1.540650,-1.992536,-1.196142,1.567506,-0.431498,10.474573,5.045504,-17.628764,-1.177731,2.366777,0.004242
3021.606244,0.467577,0.001055,0.248766,0.929647,-0.368350,-0.004991,0.007037,0.385946,-1.540727,-1.992699,-1.195905,1.567526,-0.430326,10.525213,4.996164,-17.568700,-1.174760,2.370804,0.004255
3021.626272,0.467577,0.001610,0.248686,0.929647,-0.368350,-0.004991,0.007037,0.387119,-1.540807,-1.992859,-1.195669,1.567546,-0.429153,10.515444,4.965227,-17.538671,-1.169719,2.369813,0.005236
3021.646242,0.467577,0.002165,0.248606,0.929647,-0.368350,-0.004991,0.007037,0.388291,-1.540888,-1.993021,-1.195430,1.567566,-0.427981,10.464430,4.965908,-17.508781,-1.169749,2.365772,0.005250
3021.666287,0.467577,0.002720,0.248527,0.929647,-0.368350,-0.004991,0.007037,0.389464,-1.540970,-1.993179,-1.195193,1.567586,-0.426809,10.504945,4.995454,-17.528725,-1.171729,2.367793,0.006241
3021.686251,0.467577,0.003274,0.248447,0.929647,-0.368350,-0.004991,0.007037,0.390633,-1.541055,-1.993337,-1.194954,1.567605,-0.425640,10.504495,5.006229,-17.558775,-1.170763,2.367774,0.005256
3021.706313,0.467577,0.003829,0.248368,0.929647,-0.368350,-0.004991,0.007037,0.391804,-1.541140,-1.993492,-1.194717,1.567625,-0.424469,10.485294,4.965719,-17.578689,-1.168740,2.367807,0.005246
3021.726303,0.467577,0.004384,0.248288,0.929647,-0.368350,-0.004991,0.007037,0.392974,-1.541228,-1.993648,-1.194478,1.567645,-0.423299,10.434401,4.935419,-17.518782,-1.165728,2.362770,0.006240
3021.746330,0.467577,0.004939,0.248208,0.929647,-0.368350,-0.004991,0.007037,0.394144,-1.541317,-1.993801,-1.194239,1.567665,-0.422130,10.415319,4.955775,-17.548687,-1.164743,2.361808,0.006247
3021.766334,0.467577,0.005493,0.248128,0.929647,-0.368350,-0.004991,0.007037,0.395311,-1.541407,-1.993953,-1.194001,1.567685,-0.420963,10.465523,4.956594,-17.708669,-1.172778,2.365817,0.004263
3021.786404,0.467577,0.006048,0.248049,0.929647,-0.368350,-0.004991,0.007037,0.396479,-1.541498,-1.994102,-1.193764,1.567705,-0.419794,10.555296,5.005576,-17.798689,-1.178734,2.374807,0.004243
3021.806365,0.467577,0.006603,0.247970,0.929647,-0.368350,-0.004991,0.007037,0.397647,-1.541592,-1.994251,-1.193526,1.567724,-0.418627,10.615116,5.026379,-17.878711,-1.181769,2.379800,0.003259
3021.826372,0.467576,0.007158,0.247891,0.929647,-0.368350,-0.004991,0.007037,0.398814,-1.541686,-1.994397,-1.193289,1.567744,-0.417460,10.545162,5.015945,-17.868704,-1.183750,2.380802,0.002250
3021.846496,0.467576,0.007713,0.247812,0.929647,-0.368350,-0.004991,0.007037,0.399981,-1.541781,-1.994540,-1.193054,1.567764,-0.416293,10.545330,5.025699,-17.918685,-1.185740,2.382809,0.003245
3021.876474,0.467576,0.008267,0.247733,0.929647,-0.368350,-0.004991,0.007037,0.401145,-1.541879,-1.994684,-1.192815,1.567784,-0.415129,10.635324,5.055572,-17.928686,-1.187734,2.387808,0.003243
3021.896449,0.467576,0.008822,0.247654,0.929647,-0.368350,-0.004991,0.007037,0.402310,-1.541978,-1.994825,-1.192579,1.567804,-0.413964,10.655248,5.095471,-18.048693,-1.191730,2.395805,0.002241
3021.916446,0.467576,0.009377,0.247577,0.929647,-0.368350,-0.004991,0.007037,0.403475,-1.542077,-1.994962,-1.192347,1.567823,-0.412799,10.564673,5.085196,-18.098752,-1.191718,2.393782,0.002235
3021.946488,0.467576,0.009932,0.247498,0.929647,-0.368350,-0.004991,0.007037,0.404639,-1.542179,-1.995100,-1.192110,1.567843,-0.411635,10.535174,5.105629,-17.998701,-1.191737,2.386802,0.002244
3021.966528,0.467576,0.010486,0.247420,0.929647,-0.368350,-0.004991,0.007037,0.405801,-1.542282,-1.995235,-1.191876,1.567863,-0.410474,10.575169,5.154924,-18.038699,-1.197706,2.391802,0.000230
3021.996530,0.467576,0.011040,0.247341,0.929647,-0.368350,-0.004991,0.007037,0.406964,-1.542387,-1.995371,-1.191639,1.567883,-0.409311,10.525697,5.144573,-18.008642,-1.197691,2.387824,0.001223
3022.016524,0.467576,0.011595,0.247264,0.929647,-0.368350,-0.004991,0.007037,0.408126,-1.542492,-1.995501,-1.191407,1.567903,-0.408149,10.575241,5.133931,-18.048687,-1.194663,2.384805,0.000210
3022.046629,0.467576,0.012150,0.247186,0.929647,-0.368350,-0.004991,0.007037,0.409288,-1.542599,-1.995632,-1.191171,1.567922,-0.406987,10.595400,5.124994,-18.128675,-1.200709,2.390811,-0.001769
3022.066601,0.467576,0.012705,0.247108,0.929647,-0.368350,-0.004991,0.007037,0.410449,-1.542708,-1.995761,-1.190937,1.567942,-0.405827,10.705353,5.214867,-18.068679,-1.200704,2.394809,-0.001771
3022.086596,0.467576,0.013259,0.247030,0.929647,-0.368350,-0.004991,0.007037,0.411607,-1.542818,-1.995889,-1.190702,1.567962,-0.404668,10.655466,5.186073,-18.198673,-1.199756,2.400814,-0.001747
3022.106645,0.467576,0.013814,0.246952,0.929647,-0.368350,-0.004991,0.007037,0.412767,-1.542930,-1.996014,-1.190469,1.567982,-0.403509,10.765468,5.294862,-18.208667,-1.209703,2.413814,-0.002771
3022.126629,0.467576,0.014369,0.246875,0.929647,-0.368350,-0.004991,0.007037,0.413926,-1.543042,-1.996137,-1.190236,1.568001,-0.402350,10.795641,5.314465,-18.188647,-1.211686,2.419821,-0.002780
3022.146641,0.467576,0.014924,0.246798,0.929647,-0.368350,-0.004991,0.007037,0.415085,-1.543156,-1.996259,-1.190003,1.568021,-0.401191,10.775441,5.275995,-18.318675,-1.215752,2.425813,-0.002749
3022.166656,0.467576,0.015478,0.246722,0.929647,-0.368350,-0.004991,0.007037,0.416240,-1.543271,-1.996377,-1.189775,1.568041,-0.400036,10.975594,5.395132,-18.478655,-1.229715,2.442819,-0.003766
3022.186723,0.467576,0.016033,0.246647,0.929647,-0.368350,-0.004991,0.007037,0.417398,-1.543387,-1.996492,-1.189547,1.568060,-0.398879,11.035283,5.405034,-18.618687,-1.232711,2.453807,-0.004768
3022.216782,0.467576,0.016588,0.246570,0.929647,-0.368350,-0.004991,0.007037,0.418554,-1.543505,-1.996608,-1.189316,1.568080,-0.397722,11.154266,5.406230,-18.818799,-1.238763,2.470765,-0.004744
3022.236769,0.467576,0.017143,0.246495,0.929647,-0.368350,-0.004991,0.007037,0.419710,-1.543623,-1.996719,-1.189089,1.568100,-0.396567,11.174854,5.404645,-18.758731,-1.237694,2.477789,-0.004776
3022.256697,0.467576,0.017697,0.246421,0.929647,-0.368350,-0.004991,0.007037,0.420863,-1.543743,-1.996827,-1.188865,1.568119,-0.395414,11.065170,5.264460,-18.738697,-1.230686,2.466802,-0.003779
3022.286790,0.467576,0.018252,0.246344,0.929647,-0.368350,-0.004991,0.007037,0.422018,-1.543865,-1.996939,-1.188634,1.568139,-0.394259,11.044381,5.275873,-18.578786,-1.225747,2.456770,-0.004751
3022.306795,0.467576,0.018807,0.246267,0.929647,-0.368350,-0.004991,0.007037,0.423172,-1.543991,-1.997051,-1.188400,1.568159,-0.393105,10.864389,5.175814,-18.488784,-1.214745,2.435770,-0.003752
3022.326764,0.467576,0.019362,0.246191,0.929647,-0.368350,-0.004991,0.007037,0.424325,-1.544116,-1.997159,-1.188168,1.568178,-0.391952,10.804823,5.125879,-18.448739,-1.208747,2.431788,-0.003751
3022.346793,0.467576,0.019917,0.246115,0.929647,-0.368350,-0.004991,0.007037,0.425478,-1.544243,-1.997265,-1.187939,1.568198,-0.390800,10.675261,5.114549,-18.348687,-1.203690,2.415806,-0.004778
3022.366856,0.467576,0.020471,0.246038,0.929647,-0.368350,-0.004991,0.007037,0.426627,-1.544372,-1.997372,-1.187705,1.568218,-0.389650,10.594983,5.084950,-18.228718,-1.197707,2.396794,-0.004770
3022.396810,0.467576,0.021026,0.245959,0.929647,-0.368350,-0.004991,0.007037,0.427779,-1.544505,-1.997481,-1.187467,1.568237,-0.388499,10.745243,5.135387,-18.278693,-1.201726,2.411805,-0.005761
3022.426889,0.467576,0.021581,0.245881,0.929647,-0.368350,-0.004991,0.007037,0.428929,-1.544638,-1.997587,-1.187230,1.568257,-0.387349,10.615995,4.985024,-18.358613,-1.195710,2.403836,-0.005768
3022.446851,0.467576,0.022136,0.245803,0.929647,-0.368350,-0.004991,0.007037,0.430079,-1.544772,-1.997691,-1.186996,1.568277,-0.386199,10.755972,5.025653,-18.418618,-1.198738,2.418835,-0.004756
3022.467007,0.467575,0.022690,0.245727,0.929647,-0.368350,-0.004991,0.007037,0.431226,-1.544907,-1.997791,-1.186763,1.568296,-0.385052,10.775481,5.054054,-18.238662,-1.195668,2.419815,-0.004788
3022.486938,0.467575,0.023245,0.245649,0.929647,-0.368350,-0.004991,0.007037,0.432375,-1.545045,-1.997893,-1.186526,1.568316,-0.383904,10.635328,5.015046,-18.198683,-1.189711,2.407808,-0.004768
3022.506950,0.467575,0.023800,0.245571,0.929647,-0.368350,-0.004991,0.007037,0.433522,-1.545185,-1.997993,-1.186290,1.568335,-0.382756,10.655305,5.095521,-18.248687,-1.197732,2.412808,-0.006758
3022.527028,0.467575,0.024355,0.245492,0.929647,-0.368350,-0.004991,0.007037,0.434669,-1.545326,-1.998092,-1.186052,1.568355,-0.381609,10.774744,5.126314,-18.328750,-1.204766,2.423785,-0.006742
3022.556925,0.467575,0.024909,0.245414,0.929647,-0.368350,-0.004991,0.007037,0.435814,-1.545468,-1.998191,-1.185814,1.568375,-0.380465,10.914746,5.225472,-18.418746,-1.210730,2.439785,-0.007759
3022.576957,0.467575,0.025464,0.245336,0.929647,-0.368350,-0.004991,0.007037,0.436959,-1.545612,-1.998286,-1.185577,1.568394,-0.379320,10.815602,5.175383,-18.448656,-1.205726,2.437820,-0.006761
3022.596993,0.467575,0.026019,0.245259,0.929647,-0.368350,-0.004991,0.007037,0.438104,-1.545757,-1.998379,-1.185343,1.568414,-0.378175,10.745371,5.145299,-18.478679,-1.203722,2.438810,-0.006763
3022.617016,0.467575,0.026574,0.245183,0.929647,-0.368350,-0.004991,0.007037,0.439249,-1.545902,-1.998467,-1.185112,1.568433,-0.377031,10.745256,5.144423,-18.498687,-1.201684,2.430805,-0.006780
3022.637005,0.467575,0.027129,0.245107,0.929647,-0.368350,-0.004991,0.007037,0.440392,-1.546049,-1.998555,-1.184880,1.568453,-0.375887,10.655489,5.064471,-18.458663,-1.195687,2.418815,-0.006779
3022.657032,0.467575,0.027683,0.245030,0.929647,-0.368350,-0.004991,0.007037,0.441533,-1.546198,-1.998643,-1.184646,1.568472,-0.374747,10.805250,5.075203,-18.458692,-1.198718,2.427805,-0.006765
3022.677067,0.467575,0.028238,0.244953,0.929647,-0.368350,-0.004991,0.007037,0.442675,-1.546348,-1.998729,-1.184412,1.568492,-0.373605,10.884828,5.155293,-18.548736,-1.204722,2.434788,-0.006763
3022.697047,0.467575,0.028793,0.244876,0.929647,-0.368350,-0.004991,0.007037,0.443817,-1.546500,-1.998815,-1.184177,1.568511,-0.372464,10.825035,5.086171,-18.538719,-1.197760,2.434797,-0.006745
3022.717073,0.467575,0.029348,0.244799,0.929647,-0.368350,-0.004991,0.007037,0.444957,-1.546654,-1.998898,-1.183943,1.568531,-0.371323,10.875132,5.116583,-18.668710,-1.202778,2.436801,-0.007737
3022.747165,0.467575,0.029902,0.244722,0.929647,-0.368350,-0.004991,0.007037,0.446095,-1.546808,-1.998979,-1.183710,1.568550,-0.370185,10.734697,5.035435,-18.688751,-1.196728,2.423783,-0.008760
3022.767150,0.467575,0.030457,0.244646,0.929647,-0.368350,-0.004991,0.007037,0.447234,-1.546964,-1.999058,-1.183478,1.568570,-0.369046,10.795272,5.034746,-18.638687,-1.193698,2.430806,-0.007774
3022.787162,0.467575,0.031012,0.244569,0.929647,-0.368350,-0.004991,0.007037,0.448373,-1.547122,-1.999136,-1.183245,1.568589,-0.367908,10.815059,5.056060,-18.618715,-1.195755,2.429798,-0.008747
3022.817155,0.467575,0.031567,0.244492,0.929647,-0.368350,-0.004991,0.007037,0.449511,-1.547282,-1.999215,-1.183007,1.568609,-0.366770,10.615898,4.975448,-18.518625,-1.181729,2.408832,-0.008760
3022.847188,0.467575,0.032121,0.244413,0.929647,-0.368350,-0.004991,0.007037,0.450646,-1.547445,-1.999295,-1.182767,1.568628,-0.365635,10.705375,4.985241,-18.498679,-1.187720,2.423810,-0.008764
3022.867199,0.467575,0.032676,0.244335,0.929647,-0.368350,-0.004991,0.007037,0.451782,-1.547608,-1.999372,-1.182529,1.568648,-0.364499,10.674552,4.976074,-18.508769,-1.187756,2.421777,-0.008747
3022.887291,0.467575,0.033231,0.244258,0.929647,-0.368350,-0.004991,0.007037,0.452918,-1.547772,-1.999445,-1.182295,1.568667,-0.363364,10.795099,5.035598,-18.578709,-1.192735,2.426799,-0.009757
3022.907259,0.467575,0.033786,0.244181,0.929647,-0.368350,-0.004991,0.007037,0.454052,-1.547938,-1.999516,-1.182060,1.568687,-0.362229,10.835004,5.135225,-18.608717,-1.195719,2.435795,-0.009764
3022.937241,0.467575,0.034341,0.244104,0.929647,-0.368350,-0.004991,0.007037,0.455186,-1.548105,-1.999588,-1.181824,1.568706,-0.361095,10.956111,5.225495,-18.628603,-1.201731,2.447841,-0.010759
3022.957241,0.467575,0.034895,0.244026,0.929647,-0.368350,-0.004991,0.007037,0.456318,-1.548275,-1.999659,-1.181585,1.568725,-0.359964,11.055423,5.246306,-18.738678,-1.210766,2.456813,-0.009742
3022.977269,0.467575,0.035450,0.243950,0.929647,-0.368350,-0.004991,0.007037,0.457450,-1.548444,-1.999723,-1.181354,1.568745,-0.358832,11.174831,5.274601,-18.738733,-1.215692,2.468788,-0.009777
3023.007295,0.467575,0.036005,0.243873,0.929647,-0.368350,-0.004991,0.007037,0.458582,-1.548615,-1.999789,-1.181120,1.568764,-0.357700,11.324835,5.335059,-18.748734,-1.219712,2.472788,-0.011767
3023.037316,0.467575,0.036560,0.243795,0.929647,-0.368350,-0.004991,0.007037,0.459713,-1.548789,-1.999855,-1.180881,1.568783,-0.356569,11.194839,5.316430,-18.798740,-1.215771,2.470788,-0.011740
3023.057319,0.467575,0.037114,0.243719,0.929647,-0.368350,-0.004991,0.007037,0.460841,-1.548963,-1.999917,-1.180648,1.568803,-0.355441,11.244363,5.355232,-18.818785,-1.220719,2.476769,-0.011764
3023.077340,0.467575,0.037669,0.243643,0.929647,-0.368350,-0.004991,0.007037,0.461971,-1.549139,-1.999977,-1.180415,1.568822,-0.354312,11.214613,5.335640,-18.798760,-1.218737,2.469779,-0.011756
3023.107359,0.467575,0.038224,0.243566,0.929647,-0.368350,-0.004991,0.007037,0.463100,-1.549316,-2.000036,-1.180181,1.568842,-0.353183,11.205649,5.374770,-18.828648,-1.218699,2.463822,-0.013773
3023.137442,0.467575,0.038779,0.243490,0.929647,-0.368350,-0.004991,0.007037,0.464228,-1.549495,-2.000093,-1.179947,1.568861,-0.352055,11.205055,5.385280,-18.908712,-1.219722,2.473797,-0.012763
3023.157398,0.467575,0.039333,0.243414,0.929647,-0.368350,-0.004991,0.007037,0.465353,-1.549674,-2.000148,-1.179715,1.568880,-0.350930,11.275232,5.375628,-18.938695,-1.224737,2.480805,-0.013756
3023.177635,0.467575,0.039888,0.243338,0.929647,-0.368350,-0.004991,0.007037,0.466480,-1.549855,-2.000201,-1.179483,1.568899,-0.349804,11.355180,5.365902,-18.928702,-1.222748,2.485802,-0.012750
3023.207452,0.467575,0.040443,0.243263,0.929647,-0.368350,-0.004991,0.007037,0.467605,-1.550037,-2.000251,-1.179253,1.568919,-0.348678,11.435706,5.424578,-18.948641,-1.224691,2.493824,-0.013777
3023.237595,0.467575,0.040998,0.243187,0.929647,-0.368350,-0.004991,0.007037,0.468730,-1.550222,-2.000302,-1.179019,1.568938,-0.347554,11.484873,5.435261,-19.008731,-1.231721,2.504790,-0.012763
3023.257547,0.467575,0.041553,0.243111,0.929647,-0.368350,-0.004991,0.007037,0.469854,-1.550407,-2.000350,-1.178789,1.568957,-0.346430,11.465708,5.415939,-19.048647,-1.229750,2.505824,-0.013750
3023.277512,0.467575,0.042107,0.243036,0.929647,-0.368350,-0.004991,0.007037,0.470976,-1.550593,-2.000395,-1.178559,1.568977,-0.345308,11.504321,5.365726,-19.028791,-1.225741,2.506767,-0.013754
3023.297588,0.467575,0.042662,0.242963,0.929647,-0.368350,-0.004991,0.007037,0.472098,-1.550779,-2.000436,-1.178334,1.568996,-0.344186,11.435134,5.354640,-19.028701,-1.222694,2.503800,-0.014776
3023.327612,0.467575,0.043217,0.242887,0.929647,-0.368350,-0.004991,0.007037,0.473220,-1.550970,-2.000481,-1.178101,1.569015,-0.343064,11.525429,5.426011,-18.998677,-1.225753,2.502813,-0.016748
3023.357809,0.467575,0.043772,0.242811,0.929647,-0.368350,-0.004991,0.007037,0.474341,-1.551161,-2.000523,-1.177869,1.569034,-0.341944,11.505285,5.385109,-19.068687,-1.231714,2.513807,-0.016766
3023.377713,0.467575,0.044326,0.242736,0.929647,-0.368350,-0.004991,0.007037,0.475459,-1.551353,-2.000563,-1.177640,1.569054,-0.340826,11.495328,5.355352,-19.098684,-1.231725,2.511809,-0.017762
3023.397596,0.467575,0.044881,0.242662,0.929647,-0.368350,-0.004991,0.007037,0.476579,-1.551547,-2.000600,-1.177411,1.569073,-0.339706,11.454382,5.285489,-19.028784,-1.225731,2.499770,-0.017759
3023.417757,0.467575,0.045436,0.242587,0.929647,-0.368350,-0.004991,0.007037,0.477697,-1.551742,-2.000637,-1.177181,1.569092,-0.338588,11.354753,5.304794,-18.928742,-1.221701,2.489785,-0.017773
3023.437666,0.467575,0.045991,0.242511,0.929647,-0.368350,-0.004991,0.007037,0.478815,-1.551939,-2.000674,-1.176948,1.569111,-0.337470,11.384787,5.375757,-18.888743,-1.221742,2.485786,-0.017753
3023.467686,0.467575,0.046545,0.242434,0.929647,-0.368350,-0.004991,0.007037,0.479930,-1.552139,-2.000712,-1.176712,1.569130,-0.336355,11.465476,5.376299,-18.908673,-1.225766,2.498815,-0.018742
3023.497754,0.467575,0.047100,0.242358,0.929647,-0.368350,-0.004991,0.007037,0.481046,-1.552340,-2.000746,-1.176479,1.569149,-0.335239,11.456061,5.324544,-18.848604,-1.221690,2.504839,-0.016778
3023.517769,0.467575,0.047655,0.242281,0.929647,-0.368350,-0.004991,0.007037,0.482162,-1.552543,-2.000781,-1.176244,1.569169,-0.334124,11.455123,5.305676,-18.818707,-1.219739,2.503800,-0.016755
3023.537802,0.467575,0.048210,0.242206,0.929647,-0.368350,-0.004991,0.007037,0.483276,-1.552746,-2.000811,-1.176012,1.569188,-0.333010,11.474659,5.325087,-18.788753,-1.217713,2.498781,-0.018767
3023.557738,0.467575,0.048765,0.242129,0.929647,-0.368350,-0.004991,0.007037,0.484390,-1.552951,-2.000843,-1.175776,1.569207,-0.331896,11.315691,5.325145,-18.718645,-1.211716,2.484823,-0.018766
3023.587840,0.467575,0.049319,0.242052,0.929647,-0.368350,-0.004991,0.007037,0.485501,-1.553159,-2.000875,-1.175539,1.569226,-0.330785,11.405651,5.326598,-18.788656,-1.214778,2.490822,-0.019736
3023.617809,0.467575,0.049874,0.241975,0.929647,-0.368350,-0.004991,0.007037,0.486613,-1.553368,-2.000903,-1.175303,1.569245,-0.329673,11.365893,5.325324,-18.808625,-1.217723,2.485832,-0.019762
3023.637816,0.467575,0.050429,0.241898,0.929647,-0.368350,-0.004991,0.007037,0.487724,-1.553578,-2.000930,-1.175067,1.569264,-0.328562,11.424979,5.355243,-18.778720,-1.216720,2.484794,-0.019764
3023.657862,0.467575,0.050984,0.241823,0.929647,-0.368350,-0.004991,0.007037,0.488835,-1.553789,-2.000954,-1.174835,1.569283,-0.327452,11.384685,5.324689,-18.758748,-1.216696,2.479782,-0.020775
3023.687845,0.467575,0.051538,0.241746,0.929647,-0.368350,-0.004991,0.007037,0.489942,-1.554002,-2.000978,-1.174599,1.569302,-0.326344,11.305480,5.343913,-18.618661,-1.207662,2.467815,-0.020791
3023.707825,0.467575,0.052093,0.241668,0.929647,-0.368350,-0.004991,0.007037,0.491051,-1.554217,-2.001003,-1.174360,1.569321,-0.325236,11.204869,5.315352,-18.658732,-1.206725,2.464790,-0.020761
3023.727846,0.467575,0.052647,0.241590,0.929647,-0.368350,-0.004991,0.007037,0.492159,-1.554434,-2.001026,-1.174122,1.569340,-0.324128,11.204678,5.266326,-18.678757,-1.207767,2.464782,-0.020742
3023.747970,0.467575,0.053202,0.241514,0.929647,-0.368350,-0.004991,0.007037,0.493266,-1.554651,-2.001045,-1.173888,1.569359,-0.323021,11.225304,5.324510,-18.608683,-1.205688,2.458807,-0.021779
3023.777996,0.467575,0.053756,0.241438,0.929647,-0.368350,-0.004991,0.007037,0.494371,-1.554870,-2.001063,-1.173653,1.569378,-0.321917,11.185547,5.244174,-18.748656,-1.202674,2.456817,-0.023785
3023.807967,0.467575,0.054311,0.241360,0.929647,-0.368350,-0.004991,0.007037,0.495476,-1.555091,-2.001081,-1.173415,1.569397,-0.320811,11.166134,5.204396,-18.708595,-1.204683,2.456842,-0.022781
3023.828009,0.467575,0.054866,0.241283,0.929647,-0.368350,-0.004991,0.007037,0.496581,-1.555313,-2.001097,-1.173178,1.569416,-0.319707,11.174711,5.214245,-18.648744,-1.200677,2.456783,-0.021784
3023.847959,0.467575,0.055421,0.241206,0.929647,-0.368350,-0.004991,0.007037,0.497685,-1.555537,-2.001114,-1.172939,1.569435,-0.318603,11.194314,5.196316,-18.678795,-1.198766,2.455767,-0.022742
3023.867987,0.467575,0.055976,0.241128,0.929647,-0.368350,-0.004991,0.007037,0.498788,-1.555763,-2.001127,-1.172702,1.569454,-0.317500,11.105185,5.194839,-18.628697,-1.195702,2.444803,-0.021772
3023.898102,0.467574,0.056530,0.241051,0.929647,-0.368350,-0.004991,0.007037,0.499888,-1.555989,-2.001139,-1.172465,1.569473,-0.316400,11.145460,5.194850,-18.798668,-1.199703,2.446814,-0.023772
3023.918051,0.467574,0.057085,0.240975,0.929647,-0.368350,-0.004991,0.007037,0.500989,-1.556217,-2.001148,-1.172229,1.569492,-0.315299,11.125636,5.214409,-18.858647,-1.200684,2.449821,-0.023781
3023.938042,0.467574,0.057640,0.240899,0.929647,-0.368350,-0.004991,0.007037,0.502090,-1.556445,-2.001153,-1.171997,1.569511,-0.314199,11.085512,5.144408,-18.868660,-1.196684,2.446816,-0.023781
3023.958096,0.467574,0.058195,0.240823,0.929647,-0.368350,-0.004991,0.007037,0.503189,-1.556675,-2.001159,-1.171762,1.569530,-0.313099,10.994383,5.134718,-18.858780,-1.194697,2.441770,-0.022774
3023.988111,0.467574,0.058749,0.240745,0.929647,-0.368350,-0.004991,0.007037,0.504286,-1.556908,-2.001166,-1.171525,1.569549,-0.312003,11.004517,5.245867,-18.878771,-1.197747,2.440775,-0.025751
3024.018136,0.467574,0.059304,0.240670,0.929647,-0.368350,-0.004991,0.007037,0.505384,-1.557141,-2.001168,-1.171291,1.569568,-0.310905,11.035424,5.224559,-18.968670,-1.198690,2.446812,-0.025778
3024.038150,0.467574,0.059859,0.240593,0.929647,-0.368350,-0.004991,0.007037,0.506481,-1.557376,-2.001169,-1.171056,1.569587,-0.309808,11.044159,5.235214,-18.918806,-1.200719,2.443760,-0.025764
3024.058152,0.467574,0.060414,0.240516,0.929647,-0.368350,-0.004991,0.007037,0.507577,-1.557613,-2.001170,-1.170820,1.569606,-0.308712,11.025008,5.206452,-18.938723,-1.200772,2.444795,-0.024739
3024.078174,0.467574,0.060968,0.240441,0.929647,-0.368350,-0.004991,0.007037,0.508671,-1.557849,-2.001166,-1.170589,1.569624,-0.307619,11.065675,5.264731,-18.938645,-1.200698,2.453823,-0.025774
3024.098171,0.467574,0.061523,0.240366,0.929647,-0.368350,-0.004991,0.007037,0.509765,-1.558087,-2.001161,-1.170357,1.569643,-0.306525,11.064564,5.274689,-18.908761,-1.201696,2.449777,-0.026775
3024.118231,0.467574,0.062078,0.240290,0.929647,-0.368350,-0.004991,0.007037,0.510859,-1.558327,-2.001155,-1.170124,1.569662,-0.305431,11.094847,5.265704,-18.958736,-1.202740,2.453789,-0.026754
3024.168244,0.467574,0.062633,0.240212,0.929647,-0.368350,-0.004991,0.007037,0.511951,-1.558571,-2.001153,-1.169884,1.569681,-0.304339,11.175709,5.296114,-19.088648,-1.212758,2.462824,-0.027746
3024.198305,0.467574,0.063188,0.240135,0.929647,-0.368350,-0.004991,0.007037,0.513043,-1.558815,-2.001146,-1.169648,1.569700,-0.303247,11.305089,5.295612,-19.098710,-1.221736,2.479799,-0.026756
3024.218234,0.467574,0.063742,0.240058,0.929647,-0.368350,-0.004991,0.007037,0.514132,-1.559060,-2.001138,-1.169412,1.569719,-0.302158,11.264775,5.376495,-18.918747,-1.217774,2.467786,-0.026738
3024.238283,0.467574,0.064297,0.239981,0.929647,-0.368350,-0.004991,0.007037,0.515222,-1.559307,-2.001129,-1.169176,1.569737,-0.301068,11.255178,5.426668,-18.928706,-1.218782,2.465802,-0.028735
3024.258321,0.467574,0.064852,0.239906,0.929647,-0.368350,-0.004991,0.007037,0.516311,-1.559554,-2.001115,-1.168943,1.569756,-0.299979,11.265545,5.465346,-18.998661,-1.222724,2.469817,-0.028762
3024.288298,0.467574,0.065407,0.239829,0.929647,-0.368350,-0.004991,0.007037,0.517400,-1.559803,-2.001102,-1.168708,1.569775,-0.298891,11.305016,5.515867,-19.158719,-1.229747,2.474796,-0.029751
3024.308306,0.467574,0.065961,0.239754,0.929647,-0.368350,-0.004991,0.007037,0.518485,-1.560053,-2.001084,-1.168478,1.569793,-0.297806,11.345572,5.495420,-19.308659,-1.233728,2.483819,-0.030760
3024.328317,0.467574,0.066516,0.239680,0.929647,-0.368350,-0.004991,0.007037,0.519572,-1.560303,-2.001063,-1.168249,1.569812,-0.296719,11.384948,5.475111,-19.358723,-1.232714,2.490793,-0.029766
3024.348349,0.467574,0.067071,0.239607,0.929647,-0.368350,-0.004991,0.007037,0.520657,-1.560554,-2.001039,-1.168024,1.569831,-0.295634,11.305643,5.455725,-19.448653,-1.235741,2.484821,-0.031754
3024.378383,0.467574,0.067626,0.239531,0.929647,-0.368350,-0.004991,0.007037,0.521742,-1.560808,-2.001017,-1.167793,1.569850,-0.294549,11.474576,5.516770,-19.468769,-1.241786,2.501778,-0.031733
3024.398485,0.467574,0.068180,0.239456,0.929647,-0.368350,-0.004991,0.007037,0.522824,-1.561063,-2.000994,-1.167561,1.569868,-0.293467,11.454421,5.526955,-19.538786,-1.247794,2.496771,-0.031729
3024.418430,0.467574,0.068735,0.239383,0.929647,-0.368350,-0.004991,0.007037,0.523907,-1.561318,-2.000965,-1.167336,1.569887,-0.292385,11.534791,5.526423,-19.578745,-1.253771,2.503787,-0.032740
3024.438459,0.467574,0.069290,0.239310,0.929647,-0.368350,-0.004991,0.007037,0.524989,-1.561575,-2.000935,-1.167111,1.569906,-0.291303,11.614421,5.566823,-19.658786,-1.259788,2.512771,-0.032732
3024.468472,0.467574,0.069845,0.239236,0.929647,-0.368350,-0.004991,0.007037,0.526071,-1.561833,-2.000904,-1.166884,1.569924,-0.290222,11.674212,5.557082,-19.738809,-1.261799,2.520763,-0.032726
3024.488473,0.467574,0.070400,0.239162,0.929647,-0.368350,-0.004991,0.007037,0.527151,-1.562093,-2.000871,-1.166658,1.569943,-0.289141,11.694274,5.597531,-19.778804,-1.263819,2.524765,-0.032717
3024.518499,0.467574,0.070954,0.239089,0.929647,-0.368350,-0.004991,0.007037,0.528228,-1.562353,-2.000837,-1.166433,1.569961,-0.288064,11.694422,5.557080,-19.778787,-1.261799,2.535771,-0.032726
3024.538553,0.467575,0.071509,0.239016,0.929647,-0.368350,-0.004991,0.007037,0.529307,-1.562615,-2.000799,-1.166210,1.569980,-0.286986,11.804596,5.567143,-19.748769,-1.261802,2.537779,-0.032725
3024.558540,0.467575,0.072064,0.238943,0.929647,-0.368350,-0.004991,0.007037,0.530385,-1.562879,-2.000761,-1.165985,1.569999,-0.285908,11.643947,5.557725,-19.758839,-1.258827,2.524752,-0.032713
3024.588540,0.467575,0.072619,0.238869,0.929647,-0.368350,-0.004991,0.007037,0.531461,-1.563145,-2.000725,-1.165756,1.570017,-0.284832,11.564261,5.566687,-19.548802,-1.249782,2.514765,-0.032734
3024.618685,0.467575,0.073173,0.238794,0.929647,-0.368350,-0.004991,0.007037,0.532535,-1.563413,-2.000687,-1.165527,1.570036,-0.283758,11.374662,5.436055,-19.398757,-1.238755,2.489781,-0.031747
3024.638657,0.467575,0.073728,0.238719,0.929647,-0.368350,-0.004991,0.007037,0.533610,-1.563683,-2.000649,-1.165296,1.570054,-0.282683,11.355273,5.467017,-19.288697,-1.237797,2.484806,-0.031728
3024.668648,0.467575,0.074283,0.238644,0.929647,-0.368350,-0.004991,0.007037,0.534684,-1.563953,-2.000609,-1.165066,1.570073,-0.281609,11.254968,5.454432,-19.068718,-1.227685,2.470794,-0.032780
3024.688662,0.467575,0.074838,0.238568,0.929647,-0.368350,-0.004991,0.007037,0.535757,-1.564227,-2.000570,-1.164833,1.570091,-0.280537,11.214971,5.436032,-18.968725,-1.222754,2.454794,-0.034748
3024.718665,0.467575,0.075392,0.238490,0.929647,-0.368350,-0.004991,0.007037,0.536827,-1.564503,-2.000533,-1.164594,1.570110,-0.279466,11.194101,5.416848,-18.908819,-1.220789,2.451758,-0.034731
3024.738671,0.467575,0.075947,0.238412,0.929647,-0.368350,-0.004991,0.007037,0.537898,-1.564781,-2.000493,-1.164357,1.570128,-0.278395,11.254271,5.466256,-18.848799,-1.219764,2.450765,-0.033743
3024.758720,0.467575,0.076502,0.238335,0.929647,-0.368350,-0.004991,0.007037,0.538969,-1.565060,-2.000452,-1.164120,1.570147,-0.277325,11.164497,5.366985,-18.868779,-1.212795,2.446774,-0.033728
3024.778741,0.467575,0.077057,0.238259,0.929647,-0.368350,-0.004991,0.007037,0.540038,-1.565339,-2.000407,-1.163887,1.570165,-0.276256,11.195258,5.386111,-18.898695,-1.213757,2.440806,-0.035746
3024.808740,0.467575,0.077612,0.238182,0.929647,-0.368350,-0.004991,0.007037,0.541107,-1.565620,-2.000363,-1.163650,1.570183,-0.275188,11.115078,5.365577,-18.848711,-1.208734,2.423798,-0.036757
3024.828742,0.467575,0.078166,0.238104,0.929647,-0.368350,-0.004991,0.007037,0.542172,-1.565903,-2.000318,-1.163412,1.570202,-0.274122,11.034800,5.336260,-18.778744,-1.206764,2.415787,-0.036743
3024.848742,0.467575,0.078721,0.238026,0.929647,-0.368350,-0.004991,0.007037,0.543239,-1.566188,-2.000272,-1.163173,1.570220,-0.273056,10.954624,5.326686,-18.728764,-1.203782,2.405780,-0.036734
3024.878824,0.467575,0.079276,0.237947,0.929647,-0.368350,-0.004991,0.007037,0.544305,-1.566476,-2.000228,-1.162931,1.570239,-0.271990,10.894821,5.246412,-18.608742,-1.195770,2.392788,-0.036740
3024.898798,0.467575,0.079831,0.237869,0.929647,-0.368350,-0.004991,0.007037,0.545369,-1.566764,-2.000179,-1.162693,1.570257,-0.270926,10.895363,5.305031,-18.618679,-1.198711,2.390810,-0.037768
3024.918928,0.467575,0.080385,0.237791,0.929647,-0.368350,-0.004991,0.007037,0.546431,-1.567053,-2.000130,-1.162452,1.570275,-0.269864,10.794511,5.236094,-18.518773,-1.190757,2.385775,-0.036746
3024.938944,0.467574,0.080940,0.237712,0.929647,-0.368350,-0.004991,0.007037,0.547494,-1.567344,-2.000080,-1.162213,1.570294,-0.268801,10.855411,5.275945,-18.558678,-1.194750,2.385812,-0.036750
3024.968838,0.467574,0.081495,0.237633,0.929647,-0.368350,-0.004991,0.007037,0.548556,-1.567638,-2.000030,-1.161970,1.570312,-0.267739,10.885625,5.385511,-18.528654,-1.198731,2.390821,-0.036758
3024.988900,0.467574,0.082050,0.237553,0.929647,-0.368350,-0.004991,0.007037,0.549617,-1.567933,-1.999979,-1.161726,1.570330,-0.266679,10.884422,5.396290,-18.548783,-1.196765,2.395771,-0.037742
3025.019013,0.467574,0.082604,0.237474,0.929647,-0.368350,-0.004991,0.007037,0.550675,-1.568228,-1.999926,-1.161484,1.570348,-0.265620,10.965017,5.436013,-18.548720,-1.200753,2.402796,-0.037748
3025.038988,0.467574,0.083159,0.237396,0.929647,-0.368350,-0.004991,0.007037,0.551734,-1.568525,-1.999868,-1.161245,1.570367,-0.264561,11.055015,5.435026,-18.578715,-1.197711,2.411796,-0.038768
3025.068947,0.467574,0.083714,0.237318,0.929647,-0.368350,-0.004991,0.007037,0.552793,-1.568823,-1.999809,-1.161007,1.570385,-0.263503,11.065703,5.424915,-18.668643,-1.201706,2.415824,-0.037770
3025.088966,0.467574,0.084269,0.237240,0.929647,-0.368350,-0.004991,0.007037,0.553850,-1.569122,-1.999749,-1.160769,1.570403,-0.262446,11.134544,5.474812,-18.608764,-1.204701,2.419776,-0.039772
3025.119015,0.467574,0.084824,0.237162,0.929647,-0.368350,-0.004991,0.007037,0.554906,-1.569422,-1.999687,-1.160530,1.570421,-0.261390,11.025734,5.394755,-18.648639,-1.200699,2.416825,-0.038774
3025.138981,0.467574,0.085378,0.237083,0.929647,-0.368350,-0.004991,0.007037,0.555960,-1.569724,-1.999625,-1.160291,1.570440,-0.260337,11.064813,5.395340,-18.648738,-1.200724,2.417787,-0.039762
3025.169051,0.467574,0.085933,0.237005,0.929647,-0.368350,-0.004991,0.007037,0.557014,-1.570029,-1.999562,-1.160050,1.570458,-0.259283,10.995787,5.335809,-18.698638,-1.200744,2.415827,-0.039752
3025.199094,0.467574,0.086488,0.236924,0.929647,-0.368350,-0.004991,0.007037,0.558068,-1.570336,-1.999501,-1.159804,1.570476,-0.258229,11.044668,5.377398,-18.808762,-1.208813,2.418782,-0.041720
3025.219056,0.467574,0.087043,0.236846,0.929647,-0.368350,-0.004991,0.007037,0.559120,-1.570642,-1.999433,-1.159566,1.570494,-0.257177,11.064833,5.356198,-18.888740,-1.209761,2.418788,-0.041744
3025.239094,0.467574,0.087597,0.236768,0.929647,-0.368350,-0.004991,0.007037,0.560170,-1.570949,-1.999363,-1.159329,1.570512,-0.256127,11.214772,5.407420,-18.968752,-1.216814,2.429786,-0.041720
3025.259041,0.467574,0.088152,0.236693,0.929647,-0.368350,-0.004991,0.007037,0.561220,-1.571256,-1.999287,-1.159099,1.570530,-0.255077,11.194552,5.485215,-19.028765,-1.222719,2.429777,-0.042764
3025.289080,0.467574,0.088707,0.236616,0.929647,-0.368350,-0.004991,0.007037,0.562270,-1.571565,-1.999213,-1.158864,1.570548,-0.254028,11.255464,5.565950,-19.008673,-1.226750,2.435814,-0.042749
3025.319187,0.467574,0.089262,0.236539,0.929647,-0.368350,-0.004991,0.007037,0.563319,-1.571876,-1.999137,-1.158629,1.570566,-0.252979,11.104753,5.475293,-18.968744,-1.219722,2.426785,-0.043763
3025.339175,0.467574,0.089816,0.236462,0.929647,-0.368350,-0.004991,0.007037,0.564365,-1.572187,-1.999059,-1.158396,1.570585,-0.251933,11.135250,5.465542,-18.998693,-1.220733,2.428805,-0.043758
3025.369134,0.467574,0.090371,0.236385,0.929647,-0.368350,-0.004991,0.007037,0.565411,-1.572501,-1.998980,-1.158162,1.570603,-0.250887,11.154904,5.485655,-19.058730,-1.223738,2.430791,-0.043755
3025.389166,0.467574,0.090926,0.236310,0.929647,-0.368350,-0.004991,0.007037,0.566457,-1.572814,-1.998896,-1.157933,1.570621,-0.249841,11.224764,5.534583,-19.108740,-1.223691,2.430785,-0.044777
3025.419219,0.467574,0.091481,0.236234,0.929647,-0.368350,-0.004991,0.007037,0.567502,-1.573129,-1.998812,-1.157702,1.570639,-0.248796,11.235297,5.574683,-19.088684,-1.230696,2.435807,-0.044775
3025.439230,0.467574,0.092036,0.236157,0.929647,-0.368350,-0.004991,0.007037,0.568546,-1.573446,-1.998728,-1.157469,1.570657,-0.247753,11.335162,5.596026,-19.128705,-1.232754,2.441802,-0.045748
3025.459221,0.467574,0.092590,0.236082,0.929647,-0.368350,-0.004991,0.007037,0.569587,-1.573763,-1.998640,-1.157240,1.570675,-0.246712,11.304654,5.615554,-19.168756,-1.234733,2.447781,-0.045757
3025.479273,0.467574,0.093145,0.236007,0.929647,-0.368350,-0.004991,0.007037,0.570629,-1.574082,-1.998549,-1.157012,1.570693,-0.245670,11.324650,5.665291,-19.138755,-1.237722,2.447781,-0.045763
3025.509282,0.467574,0.093700,0.235930,0.929647,-0.368350,-0.004991,0.007037,0.571670,-1.574404,-1.998461,-1.156779,1.570711,-0.244629,11.264846,5.646409,-19.138739,-1.236770,2.438789,-0.048740
3025.539332,0.467574,0.094255,0.235854,0.929647,-0.368350,-0.004991,0.007037,0.572710,-1.574725,-1.998369,-1.156549,1.570729,-0.243589,11.325705,5.594996,-19.158643,-1.238709,2.441824,-0.046769
3025.559309,0.467574,0.094809,0.235778,0.929647,-0.368350,-0.004991,0.007037,0.573747,-1.575048,-1.998276,-1.156319,1.570746,-0.242552,11.274176,5.585628,-19.118806,-1.237737,2.438761,-0.047756
3025.579339,0.467574,0.095364,0.235702,0.929647,-0.368350,-0.004991,0.007037,0.574785,-1.575373,-1.998182,-1.156088,1.570764,-0.241514,11.324235,5.546886,-19.208806,-1.233791,2.444764,-0.047730
3025.599338,0.467574,0.095919,0.235628,0.929647,-0.368350,-0.004991,0.007037,0.575822,-1.575697,-1.998081,-1.155866,1.570782,-0.240477,11.455648,5.695345,-19.328651,-1.246724,2.457822,-0.049762
3025.619388,0.467574,0.096474,0.235554,0.929647,-0.368350,-0.004991,0.007037,0.576858,-1.576023,-1.997979,-1.155642,1.570800,-0.239442,11.445473,5.775105,-19.318668,-1.249714,2.457814,-0.049767
3025.639337,0.467574,0.097028,0.235481,0.929647,-0.368350,-0.004991,0.007037,0.577891,-1.576349,-1.997876,-1.155418,1.570818,-0.238408,11.465422,5.725101,-19.288673,-1.244714,2.457812,-0.047767
3025.669662,0.467574,0.097583,0.235406,0.929647,-0.368350,-0.004991,0.007037,0.578926,-1.576679,-1.997773,-1.155192,1.570836,-0.237374,11.495621,5.765255,-19.298653,-1.245720,2.462821,-0.049764
3025.699434,0.467574,0.098138,0.235329,0.929647,-0.368350,-0.004991,0.007037,0.579959,-1.577011,-1.997673,-1.154960,1.570854,-0.236341,11.314809,5.706486,-19.148744,-1.239774,2.447787,-0.047739
3025.719469,0.467574,0.098693,0.235254,0.929647,-0.368350,-0.004991,0.007037,0.580991,-1.577343,-1.997566,-1.154735,1.570871,-0.235309,11.325074,5.754650,-19.138707,-1.243694,2.445798,-0.049776
3025.749573,0.467574,0.099248,0.235178,0.929647,-0.368350,-0.004991,0.007037,0.582022,-1.577677,-1.997461,-1.154505,1.570889,-0.234278,11.374442,5.774904,-19.148775,-1.245705,2.454772,-0.049770
3025.769604,0.467574,0.099802,0.235102,0.929647,-0.368350,-0.004991,0.007037,0.583050,-1.578012,-1.997355,-1.154276,1.570907,-0.233250,11.354353,5.775834,-19.158788,-1.242745,2.453768,-0.048752
3025.799464,0.467574,0.100357,0.235026,0.929647,-0.368350,-0.004991,0.007037,0.584080,-1.578349,-1.997247,-1.154047,1.570925,-0.232221,11.344837,5.755505,-19.138736,-1.242731,2.449788,-0.049758
3025.819537,0.467574,0.100912,0.234951,0.929647,-0.368350,-0.004991,0.007037,0.585108,-1.578687,-1.997136,-1.153820,1.570942,-0.231193,11.364373,5.744727,-19.058781,-1.241698,2.445769,-0.048774
3025.839557,0.467574,0.101467,0.234875,0.929647,-0.368350,-0.004991,0.007037,0.586135,-1.579027,-1.997025,-1.153591,1.570960,-0.230166,11.334948,5.666300,-19.118728,-1.237766,2.447793,-0.049742
3025.859562,0.467574,0.102021,0.234799,0.929647,-0.368350,-0.004991,0.007037,0.587159,-1.579368,-1.996914,-1.153361,1.570978,-0.229142,11.404463,5.737626,-19.108785,-1.241823,2.447773,-0.050715
3025.889630,0.467574,0.102576,0.234722,0.929647,-0.368350,-0.004991,0.007037,0.588185,-1.579711,-1.996802,-1.153129,1.570996,-0.228117,11.375041,5.715586,-18.998715,-1.236735,2.436797,-0.050757
3025.909696,0.467574,0.103131,0.234645,0.929647,-0.368350,-0.004991,0.007037,0.589209,-1.580055,-1.996689,-1.152898,1.571013,-0.227093,11.354834,5.675142,-18.948735,-1.232716,2.431788,-0.050766
3025.939635,0.467574,0.103686,0.234566,0.929647,-0.368350,-0.004991,0.007037,0.590232,-1.580403,-1.996577,-1.152663,1.571031,-0.226070,11.094429,5.536106,-18.828782,-1.221757,2.407772,-0.050746
3025.959646,0.467574,0.104240,0.234488,0.929647,-0.368350,-0.004991,0.007037,0.591253,-1.580751,-1.996463,-1.152428,1.571048,-0.225049,11.173990,5.526274,-18.868828,-1.220765,2.411754,-0.051743
3025.979625,0.467574,0.104795,0.234412,0.929647,-0.368350,-0.004991,0.007037,0.592274,-1.581099,-1.996345,-1.152197,1.571066,-0.224028,11.144810,5.555877,-18.908741,-1.226747,2.410787,-0.052751
3025.999691,0.467574,0.105350,0.234335,0.929647,-0.368350,-0.004991,0.007037,0.593294,-1.581449,-1.996225,-1.151967,1.571084,-0.223008,11.114637,5.585976,-18.948759,-1.231752,2.400780,-0.053749
3026.029714,0.467574,0.105905,0.234257,0.929647,-0.368350,-0.004991,0.007037,0.594313,-1.581801,-1.996105,-1.151735,1.571101,-0.221989,11.205304,5.625554,-18.948688,-1.233733,2.409808,-0.054757
3026.059791,0.467574,0.106460,0.234179,0.929647,-0.368350,-0.004991,0.007037,0.595332,-1.582155,-1.995985,-1.151500,1.571119,-0.220971,11.054944,5.496868,-18.998731,-1.228790,2.400793,-0.054731
3026.079800,0.467574,0.107014,0.234102,0.929647,-0.368350,-0.004991,0.007037,0.596347,-1.582508,-1.995862,-1.151270,1.571136,-0.219956,11.094976,5.535763,-18.978723,-1.229742,2.404794,-0.055753
3026.099733,0.467574,0.107569,0.234025,0.929647,-0.368350,-0.004991,0.007037,0.597363,-1.582863,-1.995736,-1.151040,1.571154,-0.218939,11.184228,5.536735,-18.988806,-1.229784,2.408763,-0.054733
3026.119791,0.467574,0.108124,0.233949,0.929647,-0.368350,-0.004991,0.007037,0.598378,-1.583219,-1.995608,-1.150812,1.571171,-0.217924,11.095025,5.586062,-19.018719,-1.236755,2.404796,-0.056747
3026.139801,0.467574,0.108679,0.233873,0.929647,-0.368350,-0.004991,0.007037,0.599393,-1.583577,-1.995478,-1.150585,1.571189,-0.216910,11.154603,5.625706,-18.988762,-1.231740,2.411779,-0.054754
3026.169840,0.467574,0.109233,0.233796,0.929647,-0.368350,-0.004991,0.007037,0.600404,-1.583936,-1.995349,-1.150354,1.571206,-0.215899,11.195369,5.655846,-18.918682,-1.232746,2.410810,-0.055752
3026.189841,0.467574,0.109788,0.233718,0.929647,-0.368350,-0.004991,0.007037,0.601416,-1.584297,-1.995219,-1.150122,1.571224,-0.214887,11.304743,5.705802,-18.878747,-1.232744,2.415785,-0.055752
3026.219878,0.467574,0.110343,0.233641,0.929647,-0.368350,-0.004991,0.007037,0.602428,-1.584659,-1.995087,-1.149892,1.571241,-0.213876,11.155044,5.614946,-18.878712,-1.223707,2.403797,-0.055770
3026.239839,0.467574,0.110898,0.233562,0.929647,-0.368350,-0.004991,0.007037,0.603438,-1.585024,-1.994955,-1.149659,1.571259,-0.212866,11.224770,5.666193,-18.808746,-1.225761,2.399786,-0.056744
3026.269976,0.467574,0.111452,0.233484,0.929647,-0.368350,-0.004991,0.007037,0.604445,-1.585389,-1.994823,-1.149426,1.571276,-0.211859,11.205253,5.675749,-18.768694,-1.230742,2.404805,-0.057753
3026.290006,0.467574,0.112007,0.233406,0.929647,-0.368350,-0.004991,0.007037,0.605453,-1.585756,-1.994688,-1.149193,1.571293,-0.210851,11.295076,5.725719,-18.728712,-1.231740,2.409798,-0.057754
3026.309993,0.467574,0.112562,0.233328,0.929647,-0.368350,-0.004991,0.007037,0.606460,-1.586124,-1.994551,-1.148961,1.571311,-0.209844,11.294970,5.726328,-18.748726,-1.233767,2.412794,-0.058742
3026.329969,0.467574,0.113117,0.233251,0.929647,-0.368350,-0.004991,0.007037,0.607467,-1.586492,-1.994410,-1.148734,1.571328,-0.208838,11.415513,5.805030,-18.808663,-1.239711,2.420816,-0.057768
3026.350010,0.467574,0.113672,0.233175,0.929647,-0.368350,-0.004991,0.007037,0.608472,-1.586862,-1.994267,-1.148506,1.571345,-0.207833,11.325483,5.814966,-18.798666,-1.240708,2.413815,-0.057769
3026.369974,0.467574,0.114226,0.233098,0.929647,-0.368350,-0.004991,0.007037,0.609474,-1.587232,-1.994124,-1.148279,1.571363,-0.206831,11.235391,5.815098,-18.778676,-1.239714,2.408811,-0.058767
3026.399962,0.467574,0.114781,0.233019,0.929647,-0.368350,-0.004991,0.007037,0.610477,-1.587606,-1.993982,-1.148046,1.571380,-0.205828,11.214373,5.795369,-18.738784,-1.234725,2.400769,-0.060761
3026.420034,0.467574,0.115336,0.232941,0.929647,-0.368350,-0.004991,0.007037,0.611479,-1.587981,-1.993839,-1.147814,1.571397,-0.204826,11.084760,5.715088,-18.628742,-1.228713,2.383785,-0.059767
3026.439977,0.467574,0.115891,0.232862,0.929647,-0.368350,-0.004991,0.007037,0.612480,-1.588357,-1.993695,-1.147581,1.571415,-0.203825,11.124438,5.655673,-18.568779,-1.223739,2.385772,-0.057755
3026.460046,0.467574,0.116445,0.232783,0.929647,-0.368350,-0.004991,0.007037,0.613478,-1.588735,-1.993550,-1.147348,1.571432,-0.202827,11.074524,5.715573,-18.528769,-1.225734,2.378775,-0.057757
3026.490053,0.467574,0.117000,0.232704,0.929647,-0.368350,-0.004991,0.007037,0.614477,-1.589115,-1.993404,-1.147113,1.571449,-0.201828,11.025246,5.665662,-18.538694,-1.221738,2.375805,-0.058755
3026.510050,0.467574,0.117555,0.232626,0.929647,-0.368350,-0.004991,0.007037,0.615475,-1.589495,-1.993254,-1.146882,1.571466,-0.200830,11.154994,5.694274,-18.528714,-1.224678,2.384795,-0.058783
3026.530076,0.467574,0.118110,0.232547,0.929647,-0.368350,-0.004991,0.007037,0.616472,-1.589876,-1.993103,-1.146651,1.571483,-0.199833,11.065069,5.645068,-18.588710,-1.222712,2.374798,-0.058767
3026.550100,0.467574,0.118664,0.232469,0.929647,-0.368350,-0.004991,0.007037,0.617466,-1.590258,-1.992952,-1.146419,1.571501,-0.198839,10.995123,5.635548,-18.658707,-1.227733,2.375800,-0.059758
3026.570174,0.467574,0.119219,0.232391,0.929647,-0.368350,-0.004991,0.007037,0.618461,-1.590642,-1.992796,-1.146191,1.571518,-0.197844,11.164415,5.715149,-18.708779,-1.233716,2.392771,-0.060765
3026.590131,0.467574,0.119774,0.232314,0.929647,-0.368350,-0.004991,0.007037,0.619455,-1.591026,-1.992639,-1.145963,1.571535,-0.196851,11.215235,5.774529,-18.728690,-1.235689,2.399805,-0.061778
3026.610143,0.467574,0.120329,0.232236,0.929647,-0.368350,-0.004991,0.007037,0.620448,-1.591411,-1.992479,-1.145737,1.571552,-0.195858,11.165620,5.734497,-18.718650,-1.231688,2.398820,-0.060779
3026.640166,0.467574,0.120884,0.232158,0.929647,-0.368350,-0.004991,0.007037,0.621440,-1.591799,-1.992321,-1.145507,1.571569,-0.194866,11.225576,5.744974,-18.758656,-1.236708,2.399819,-0.061769
3026.660147,0.467574,0.121438,0.232080,0.929647,-0.368350,-0.004991,0.007037,0.622429,-1.592188,-1.992162,-1.145276,1.571586,-0.193878,11.095182,5.705068,-18.708698,-1.234712,2.390802,-0.061767
3026.680236,0.467574,0.121993,0.232002,0.929647,-0.368350,-0.004991,0.007037,0.623419,-1.592578,-1.991999,-1.145048,1.571603,-0.192888,11.095041,5.654866,-18.718712,-1.232704,2.391797,-0.060771
3026.700181,0.467574,0.122548,0.231924,0.929647,-0.368350,-0.004991,0.007037,0.624407,-1.592969,-1.991834,-1.144821,1.571620,-0.191899,11.195162,5.745150,-18.808701,-1.236716,2.403802,-0.060766
3026.720222,0.467574,0.123103,0.231846,0.929647,-0.368350,-0.004991,0.007037,0.625395,-1.593361,-1.991669,-1.144593,1.571637,-0.190912,11.254893,5.785501,-18.798730,-1.241731,2.413791,-0.060758
3026.740292,0.467574,0.123657,0.231769,0.929647,-0.368350,-0.004991,0.007037,0.626380,-1.593753,-1.991500,-1.144369,1.571654,-0.189927,11.285169,5.824902,-18.868699,-1.246705,2.416802,-0.061771
3026.770296,0.467574,0.124212,0.231691,0.929647,-0.368350,-0.004991,0.007037,0.627366,-1.594148,-1.991332,-1.144142,1.571671,-0.188942,11.255623,5.824894,-18.888651,-1.248705,2.409821,-0.061771
3026.800284,0.467574,0.124767,0.231613,0.929647,-0.368350,-0.004991,0.007037,0.628350,-1.594545,-1.991163,-1.143913,1.571688,-0.187957,11.184653,5.795833,-18.938757,-1.248745,2.408781,-0.062752
3026.820309,0.467574,0.125322,0.231536,0.929647,-0.368350,-0.004991,0.007037,0.629334,-1.594942,-1.990990,-1.143688,1.571705,-0.186974,11.205208,5.834868,-18.948694,-1.252704,2.413804,-0.063771
3026.840308,0.467574,0.125876,0.231458,0.929647,-0.368350,-0.004991,0.007037,0.630314,-1.595339,-1.990816,-1.143463,1.571722,-0.185993,11.274727,5.845356,-18.968747,-1.251725,2.423784,-0.061761
3026.860369,0.467574,0.126431,0.231382,0.929647,-0.368350,-0.004991,0.007037,0.631296,-1.595738,-1.990639,-1.143241,1.571739,-0.185012,11.345054,5.956325,-19.108717,-1.261767,2.433797,-0.062742
3026.880379,0.467574,0.126986,0.231307,0.929647,-0.368350,-0.004991,0.007037,0.632276,-1.596137,-1.990456,-1.143024,1.571756,-0.184032,11.375388,5.974431,-19.178674,-1.270685,2.435811,-0.063780
3026.900351,0.467574,0.127541,0.231232,0.929647,-0.368350,-0.004991,0.007037,0.633256,-1.596537,-1.990274,-1.142806,1.571773,-0.183052,11.424672,5.985058,-19.208751,-1.270712,2.435781,-0.064767
3026.920418,0.467574,0.128096,0.231157,0.929647,-0.368350,-0.004991,0.007037,0.634234,-1.596938,-1.990089,-1.142589,1.571789,-0.182074,11.355499,5.944273,-19.158661,-1.265678,2.429815,-0.064783
3026.940367,0.467574,0.128650,0.231080,0.929647,-0.368350,-0.004991,0.007037,0.635209,-1.597340,-1.989905,-1.142368,1.571806,-0.181099,11.365281,5.895360,-19.108689,-1.260725,2.422807,-0.063761
3026.960440,0.467574,0.129205,0.231005,0.929647,-0.368350,-0.004991,0.007037,0.636186,-1.597744,-1.989718,-1.142150,1.571823,-0.180123,11.354589,5.873679,-19.058754,-1.257652,2.419778,-0.063795
3026.980431,0.467574,0.129760,0.230929,0.929647,-0.368350,-0.004991,0.007037,0.637161,-1.598150,-1.989531,-1.141931,1.571840,-0.179148,11.245279,5.824658,-18.998686,-1.253695,2.408806,-0.064776
3027.010479,0.467574,0.130315,0.230852,0.929647,-0.368350,-0.004991,0.007037,0.638135,-1.598558,-1.989344,-1.141709,1.571857,-0.178174,11.214920,5.765001,-19.038725,-1.253709,2.403792,-0.067769
3027.030457,0.467574,0.130869,0.230775,0.929647,-0.368350,-0.004991,0.007037,0.639106,-1.598966,-1.989155,-1.141489,1.571873,-0.177202,11.224817,5.734503,-19.088734,-1.252688,2.401787,-0.066779
3027.050515,0.467574,0.131424,0.230699,0.929647,-0.368350,-0.004991,0.007037,0.640079,-1.599376,-1.988964,-1.141269,1.571890,-0.176231,11.274920,5.645913,-19.088729,-1.251749,2.406792,-0.064750
3027.070532,0.467574,0.131979,0.230622,0.929647,-0.368350,-0.004991,0.007037,0.641050,-1.599787,-1.988771,-1.141049,1.571907,-0.175260,11.334500,5.756088,-19.158774,-1.255756,2.416775,-0.065746
3027.100528,0.467574,0.132534,0.230545,0.929647,-0.368350,-0.004991,0.007037,0.642020,-1.600200,-1.988578,-1.140829,1.571924,-0.174290,11.404737,5.845728,-19.138748,-1.260741,2.423784,-0.065754
3027.120521,0.467574,0.133088,0.230469,0.929647,-0.368350,-0.004991,0.007037,0.642987,-1.600613,-1.988383,-1.140609,1.571940,-0.173323,11.444415,5.846136,-19.208783,-1.258759,2.428771,-0.066746
3027.150616,0.467574,0.133643,0.230392,0.929647,-0.368350,-0.004991,0.007037,0.643955,-1.601028,-1.988187,-1.140389,1.571957,-0.172355,11.304592,5.795840,-19.198763,-1.259746,2.419778,-0.067752
3027.170579,0.467574,0.134198,0.230316,0.929647,-0.368350,-0.004991,0.007037,0.644921,-1.601443,-1.987987,-1.140173,1.571974,-0.171388,11.394552,5.875649,-19.338767,-1.265737,2.426777,-0.067755
3027.190597,0.467574,0.134753,0.230241,0.929647,-0.368350,-0.004991,0.007037,0.645887,-1.601860,-1.987785,-1.139958,1.571990,-0.170423,11.434921,5.966262,-19.388731,-1.276764,2.437792,-0.067743
3027.220590,0.467574,0.135308,0.230165,0.929647,-0.368350,-0.004991,0.007037,0.646852,-1.602277,-1.987581,-1.139743,1.572007,-0.169458,11.465506,6.005796,-19.498668,-1.279744,2.442816,-0.069753
3027.240746,0.467574,0.135862,0.230091,0.929647,-0.368350,-0.004991,0.007037,0.647814,-1.602694,-1.987374,-1.139533,1.572023,-0.168496,11.455294,6.044885,-19.468685,-1.280704,2.447807,-0.068771
3027.260663,0.467574,0.136417,0.230016,0.929647,-0.368350,-0.004991,0.007037,0.648777,-1.603114,-1.987167,-1.139318,1.572040,-0.167534,11.525030,6.017155,-19.458723,-1.279803,2.455796,-0.068725
3027.280646,0.467574,0.136972,0.229941,0.929647,-0.368350,-0.004991,0.007037,0.649738,-1.603534,-1.986957,-1.139107,1.572056,-0.166572,11.574671,6.056000,-19.508756,-1.283753,2.458782,-0.070748
3027.310693,0.467574,0.137527,0.229867,0.929647,-0.368350,-0.004991,0.007037,0.650699,-1.603955,-1.986745,-1.138896,1.572073,-0.165612,11.534805,6.065522,-19.518740,-1.284732,2.459787,-0.071758
3027.330731,0.467574,0.138081,0.229792,0.929647,-0.368350,-0.004991,0.007037,0.651656,-1.604378,-1.986534,-1.138684,1.572089,-0.164654,11.515225,6.095354,-19.468695,-1.285725,2.450804,-0.071761
3027.360778,0.467574,0.138636,0.229717,0.929647,-0.368350,-0.004991,0.007037,0.652615,-1.604802,-1.986319,-1.138473,1.572106,-0.163696,11.465438,6.055400,-19.438673,-1.279727,2.448813,-0.071761
3027.380785,0.467574,0.139191,0.229642,0.929647,-0.368350,-0.004991,0.007037,0.653572,-1.605227,-1.986104,-1.138262,1.572122,-0.162739,11.534363,6.056347,-19.428790,-1.277768,2.451769,-0.070741
3027.400731,0.467574,0.139746,0.229569,0.929647,-0.368350,-0.004991,0.007037,0.654528,-1.605652,-1.985884,-1.138055,1.572139,-0.161783,11.504497,6.045278,-19.418771,-1.274721,2.449774,-0.071763
3027.420766,0.467574,0.140300,0.229495,0.929647,-0.368350,-0.004991,0.007037,0.655482,-1.606079,-1.985665,-1.137847,1.572155,-0.160829,11.535111,6.054964,-19.348705,-1.273708,2.449800,-0.070769
3027.450885,0.467574,0.140855,0.229419,0.929647,-0.368350,-0.004991,0.007037,0.656436,-1.606509,-1.985447,-1.137633,1.572172,-0.159875,11.534849,6.065569,-19.278735,-1.276734,2.438789,-0.072757
3027.470818,0.467574,0.141410,0.229344,0.929647,-0.368350,-0.004991,0.007037,0.657389,-1.606939,-1.985225,-1.137423,1.572188,-0.158922,11.374614,5.964573,-19.218755,-1.267691,2.419779,-0.073777
3027.490819,0.467574,0.141965,0.229268,0.929647,-0.368350,-0.004991,0.007037,0.658341,-1.607371,-1.985004,-1.137211,1.572204,-0.157970,11.324458,5.886342,-19.218780,-1.259767,2.410773,-0.074741
3027.510863,0.467574,0.142520,0.229192,0.929647,-0.368350,-0.004991,0.007037,0.659292,-1.607805,-1.984782,-1.136998,1.572221,-0.157019,11.255478,5.856328,-19.148673,-1.253767,2.400815,-0.074742
3027.530864,0.467574,0.143074,0.229117,0.929647,-0.368350,-0.004991,0.007037,0.660241,-1.608238,-1.984558,-1.136788,1.572237,-0.156071,11.184847,5.914752,-19.118732,-1.255699,2.393789,-0.074774
3027.550845,0.467574,0.143629,0.229040,0.929647,-0.368350,-0.004991,0.007037,0.661190,-1.608675,-1.984334,-1.136574,1.572253,-0.155123,11.155399,5.836230,-19.098681,-1.252763,2.383811,-0.076744
3027.580968,0.467574,0.144184,0.228964,0.929647,-0.368350,-0.004991,0.007037,0.662137,-1.609112,-1.984108,-1.136360,1.572270,-0.154175,11.095382,5.765017,-19.058677,-1.244710,2.371811,-0.077768
3027.600924,0.467574,0.144739,0.228887,0.929647,-0.368350,-0.004991,0.007037,0.663084,-1.609552,-1.983882,-1.136146,1.572286,-0.153228,11.044680,5.745077,-18.988751,-1.239713,2.363782,-0.078767
3027.620963,0.467574,0.145293,0.228809,0.929647,-0.368350,-0.004991,0.007037,0.664028,-1.609993,-1.983657,-1.135928,1.572302,-0.152284,11.104310,5.736754,-18.848797,-1.234785,2.365767,-0.076733
3027.640961,0.467574,0.145848,0.228732,0.929647,-0.368350,-0.004991,0.007037,0.664973,-1.610435,-1.983428,-1.135714,1.572318,-0.151340,11.065641,5.785007,-18.848650,-1.236710,2.357821,-0.076769
3027.671004,0.467574,0.146403,0.228653,0.929647,-0.368350,-0.004991,0.007037,0.665916,-1.610880,-1.983201,-1.135494,1.572335,-0.150396,11.144973,5.865787,-18.718723,-1.236743,2.369794,-0.074753
3027.691010,0.467574,0.146958,0.228574,0.929647,-0.368350,-0.004991,0.007037,0.666859,-1.611325,-1.982972,-1.135276,1.572351,-0.149454,11.115206,5.815515,-18.738698,-1.234732,2.366803,-0.075758
3027.711021,0.467574,0.147512,0.228496,0.929647,-0.368350,-0.004991,0.007037,0.667799,-1.611771,-1.982742,-1.135059,1.572367,-0.148514,11.095010,5.785900,-18.718720,-1.232748,2.364795,-0.075750
3027.730992,0.467574,0.148067,0.228418,0.929647,-0.368350,-0.004991,0.007037,0.668739,-1.612218,-1.982508,-1.134845,1.572383,-0.147574,11.115415,5.815681,-18.748677,-1.232739,2.367812,-0.074755
3027.761018,0.467574,0.148622,0.228339,0.929647,-0.368350,-0.004991,0.007037,0.669678,-1.612668,-1.982276,-1.134625,1.572399,-0.146635,11.094458,5.836212,-18.708779,-1.236762,2.362773,-0.076744
3027.791076,0.467574,0.149177,0.228258,0.929647,-0.368350,-0.004991,0.007037,0.670617,-1.613121,-1.982046,-1.134401,1.572415,-0.145697,11.035178,5.767082,-18.688708,-1.233799,2.360803,-0.076727
3027.811129,0.467574,0.149732,0.228178,0.929647,-0.368350,-0.004991,0.007037,0.671554,-1.613574,-1.981813,-1.134179,1.572432,-0.144760,11.074676,5.817264,-18.708761,-1.239807,2.362782,-0.075723
3027.831096,0.467574,0.150286,0.228099,0.929647,-0.368350,-0.004991,0.007037,0.672488,-1.614026,-1.981575,-1.133964,1.572448,-0.143825,11.185040,5.825890,-18.798717,-1.240748,2.370797,-0.075751
3027.861096,0.467574,0.150841,0.228021,0.929647,-0.368350,-0.004991,0.007037,0.673424,-1.614479,-1.981335,-1.133749,1.572464,-0.142890,11.204844,5.915692,-18.988736,-1.250739,2.381789,-0.079755
3027.881114,0.467574,0.151396,0.227943,0.929647,-0.368350,-0.004991,0.007037,0.674358,-1.614933,-1.981092,-1.133536,1.572480,-0.141957,11.225494,5.955984,-19.048670,-1.252752,2.390815,-0.080749
3027.901166,0.467574,0.151951,0.227866,0.929647,-0.368350,-0.004991,0.007037,0.675291,-1.615388,-1.980847,-1.133325,1.572496,-0.141024,11.194643,5.916406,-19.148761,-1.256770,2.394780,-0.081740
3027.921158,0.467574,0.152505,0.227790,0.929647,-0.368350,-0.004991,0.007037,0.676221,-1.615843,-1.980599,-1.133117,1.572512,-0.140094,11.265247,5.966066,-19.098696,-1.255756,2.400805,-0.080747
3027.951200,0.467574,0.153060,0.227712,0.929647,-0.368350,-0.004991,0.007037,0.677152,-1.616300,-1.980351,-1.132906,1.572528,-0.139163,11.294707,6.005505,-18.978750,-1.255731,2.396783,-0.080758
3027.971191,0.467574,0.153615,0.227635,0.929647,-0.368350,-0.004991,0.007037,0.678081,-1.616758,-1.980101,-1.132696,1.572544,-0.138233,11.284145,5.995280,-18.938808,-1.256722,2.390760,-0.081763
3028.001228,0.467574,0.154170,0.227557,0.929647,-0.368350,-0.004991,0.007037,0.679010,-1.617219,-1.979853,-1.132482,1.572560,-0.137305,11.234922,5.935647,-18.808728,-1.250737,2.379792,-0.078755
3028.021215,0.467574,0.154725,0.227479,0.929647,-0.368350,-0.004991,0.007037,0.679938,-1.617680,-1.979601,-1.132271,1.572575,-0.136377,11.314493,5.905190,-18.808771,-1.249718,2.385774,-0.078765
3028.041282,0.467574,0.155279,0.227402,0.929647,-0.368350,-0.004991,0.007037,0.680862,-1.618141,-1.979346,-1.132063,1.572591,-0.135453,11.254131,5.894820,-18.838807,-1.249702,2.380759,-0.078772
3028.061258,0.467574,0.155834,0.227325,0.929647,-0.368350,-0.004991,0.007037,0.681788,-1.618603,-1.979090,-1.131855,1.572607,-0.134527,11.214752,5.914813,-18.788742,-1.248701,2.377785,-0.077772
3028.091382,0.467574,0.156389,0.227247,0.929647,-0.368350,-0.004991,0.007037,0.682712,-1.619068,-1.978835,-1.131643,1.572623,-0.133603,11.335318,5.955256,-18.878685,-1.253720,2.386808,-0.080763
3028.111339,0.467574,0.156944,0.227168,0.929647,-0.368350,-0.004991,0.007037,0.683636,-1.619535,-1.978579,-1.131432,1.572639,-0.132680,11.285312,5.925265,-18.918685,-1.255721,2.383808,-0.081763
3028.131354,0.467574,0.157498,0.227091,0.929647,-0.368350,-0.004991,0.007037,0.684556,-1.620000,-1.978318,-1.131225,1.572655,-0.131759,11.314575,5.885344,-18.948763,-1.253724,2.385778,-0.080762
3028.151340,0.467574,0.158053,0.227014,0.929647,-0.368350,-0.004991,0.007037,0.685478,-1.620467,-1.978056,-1.131019,1.572670,-0.130838,11.245031,5.905362,-18.928715,-1.251725,2.380796,-0.080761
3028.181384,0.467574,0.158608,0.226936,0.929647,-0.368350,-0.004991,0.007037,0.686398,-1.620936,-1.977794,-1.130810,1.572686,-0.129918,11.274408,5.954705,-18.838777,-1.253697,2.381771,-0.081774
3028.201361,0.467574,0.159163,0.226858,0.929647,-0.368350,-0.004991,0.007037,0.687317,-1.621407,-1.977530,-1.130601,1.572702,-0.128999,11.295191,5.984805,-18.818696,-1.254701,2.385803,-0.081773
3028.221404,0.467574,0.159717,0.226781,0.929647,-0.368350,-0.004991,0.007037,0.688233,-1.621877,-1.977265,-1.130395,1.572718,-0.128083,11.335148,5.945206,-18.868702,-1.257718,2.391801,-0.081764
3028.241395,0.467574,0.160272,0.226704,0.929647,-0.368350,-0.004991,0.007037,0.689150,-1.622349,-1.976997,-1.130189,1.572733,-0.127166,11.355197,6.006026,-18.938701,-1.262754,2.398803,-0.081748
3028.261622,0.467574,0.160827,0.226625,0.929647,-0.368350,-0.004991,0.007037,0.690066,-1.622823,-1.976731,-1.129979,1.572749,-0.126250,11.435120,6.096858,-18.928713,-1.270790,2.406800,-0.080731
3028.281551,0.467574,0.161382,0.226548,0.929647,-0.368350,-0.004991,0.007037,0.690981,-1.623298,-1.976459,-1.129774,1.572765,-0.125336,11.475009,6.116191,-19.008721,-1.270761,2.411795,-0.081745
3028.301557,0.467574,0.161937,0.226472,0.929647,-0.368350,-0.004991,0.007037,0.691894,-1.623772,-1.976185,-1.129573,1.572781,-0.124422,11.385525,6.065384,-19.118664,-1.268726,2.408817,-0.081761
3028.331501,0.467574,0.162491,0.226395,0.929647,-0.368350,-0.004991,0.007037,0.692805,-1.624247,-1.975911,-1.129370,1.572796,-0.123511,11.494837,6.155395,-19.188736,-1.275727,2.419788,-0.083761
3028.351512,0.467574,0.163046,0.226319,0.929647,-0.368350,-0.004991,0.007037,0.693717,-1.624723,-1.975633,-1.129169,1.572812,-0.122600,11.475091,6.114859,-19.228707,-1.276703,2.423799,-0.083771
3028.371592,0.467574,0.163601,0.226243,0.929647,-0.368350,-0.004991,0.007037,0.694627,-1.625201,-1.975353,-1.128970,1.572827,-0.121690,11.494770,6.095847,-19.238745,-1.277746,2.424786,-0.083751
3028.401652,0.467574,0.164156,0.226167,0.929647,-0.368350,-0.004991,0.007037,0.695537,-1.625679,-1.975072,-1.128771,1.572843,-0.120780,11.545180,6.124604,-19.248696,-1.275692,2.429802,-0.083777
3028.421754,0.467574,0.164710,0.226092,0.929647,-0.368350,-0.004991,0.007037,0.696444,-1.626157,-1.974789,-1.128574,1.572858,-0.119874,11.555132,6.165074,-19.338703,-1.283713,2.432800,-0.085767
3028.441651,0.467574,0.165265,0.226016,0.929647,-0.368350,-0.004991,0.007037,0.697351,-1.626637,-1.974503,-1.128378,1.572874,-0.118966,11.634677,6.205628,-19.418754,-1.288737,2.439782,-0.085756
3028.461719,0.467574,0.165820,0.225942,0.929647,-0.368350,-0.004991,0.007037,0.698257,-1.627118,-1.974215,-1.128184,1.572890,-0.118060,11.544607,6.215501,-19.358760,-1.285731,2.432779,-0.086758
3028.481602,0.467574,0.166375,0.225867,0.929647,-0.368350,-0.004991,0.007037,0.699162,-1.627600,-1.973926,-1.127989,1.572905,-0.117155,11.554593,6.215747,-19.338763,-1.284742,2.435778,-0.086753
3028.511678,0.467574,0.166929,0.225791,0.929647,-0.368350,-0.004991,0.007037,0.700065,-1.628083,-1.973637,-1.127792,1.572920,-0.116253,11.644959,6.275802,-19.368725,-1.287744,2.431793,-0.087752
3028.531663,0.467574,0.167484,0.225715,0.929647,-0.368350,-0.004991,0.007037,0.700968,-1.628567,-1.973347,-1.127596,1.572936,-0.115350,11.535229,6.255838,-19.298697,-1.285746,2.426804,-0.088752
3028.551636,0.467574,0.168039,0.225640,0.929647,-0.368350,-0.004991,0.007037,0.701870,-1.629053,-1.973053,-1.127403,1.572951,-0.114448,11.464987,6.145671,-19.298721,-1.279738,2.421795,-0.088755
3028.571663,0.467574,0.168594,0.225564,0.929647,-0.368350,-0.004991,0.007037,0.702771,-1.629540,-1.972760,-1.127207,1.572967,-0.113548,11.475173,6.166251,-19.168704,-1.279764,2.411802,-0.088743
3028.621700,0.467574,0.169149,0.225486,0.929647,-0.368350,-0.004991,0.007037,0.703670,-1.630031,-1.972471,-1.127003,1.572982,-0.112648,11.384721,6.114622,-18.948744,-1.275693,2.395783,-0.089776
3028.651812,0.467574,0.169703,0.225406,0.929647,-0.368350,-0.004991,0.007037,0.704567,-1.630523,-1.972182,-1.126798,1.572998,-0.111751,11.225503,5.947188,-18.968674,-1.269804,2.389816,-0.087725
3028.671750,0.467574,0.170258,0.225329,0.929647,-0.368350,-0.004991,0.007037,0.705465,-1.631015,-1.971887,-1.126599,1.573013,-0.110854,11.384887,6.106750,-19.098737,-1.279785,2.400790,-0.089733
3028.691758,0.467574,0.170813,0.225252,0.929647,-0.368350,-0.004991,0.007037,0.706362,-1.631507,-1.971590,-1.126401,1.573028,-0.109957,11.444805,6.137317,-19.278748,-1.282810,2.405787,-0.090722
3028.711769,0.467574,0.171368,0.225178,0.929647,-0.368350,-0.004991,0.007037,0.707257,-1.631998,-1.971286,-1.126213,1.573044,-0.109062,11.435231,6.255785,-19.458696,-1.293743,2.410805,-0.093753
3028.741823,0.467574,0.171922,0.225102,0.929647,-0.368350,-0.004991,0.007037,0.708150,-1.632491,-1.970983,-1.126021,1.573059,-0.108169,11.484550,6.234958,-19.398764,-1.289708,2.408776,-0.093769
3028.761907,0.467574,0.172477,0.225027,0.929647,-0.368350,-0.004991,0.007037,0.709043,-1.632985,-1.970679,-1.125829,1.573074,-0.107276,11.475085,6.205231,-19.398709,-1.286719,2.412799,-0.092764
3028.781833,0.467574,0.173032,0.224952,0.929647,-0.368350,-0.004991,0.007037,0.709935,-1.633480,-1.970370,-1.125641,1.573089,-0.106384,11.505432,6.205675,-19.388675,-1.288739,2.416813,-0.093755
3028.811904,0.467574,0.173587,0.224876,0.929647,-0.368350,-0.004991,0.007037,0.710827,-1.633976,-1.970063,-1.125449,1.573105,-0.105493,11.364647,6.215346,-19.318755,-1.285724,2.399781,-0.095761
3028.831863,0.467574,0.174141,0.224800,0.929647,-0.368350,-0.004991,0.007037,0.711715,-1.634474,-1.969756,-1.125257,1.573120,-0.104604,11.404738,6.255586,-19.198747,-1.284735,2.404784,-0.096757
3028.851947,0.467574,0.174696,0.224726,0.929647,-0.368350,-0.004991,0.007037,0.712604,-1.634971,-1.969444,-1.125069,1.573135,-0.103715,11.384731,6.224804,-19.148744,-1.282701,2.400784,-0.095772
3028.872005,0.467574,0.175251,0.224649,0.929647,-0.368350,-0.004991,0.007037,0.713492,-1.635472,-1.969134,-1.124876,1.573150,-0.102828,11.344877,6.236394,-19.108736,-1.279770,2.391790,-0.096740
3028.901972,0.467574,0.175806,0.224571,0.929647,-0.368350,-0.004991,0.007037,0.714379,-1.635975,-1.968825,-1.124680,1.573165,-0.101941,11.334525,6.205874,-18.958771,-1.275747,2.383776,-0.097751
3028.921946,0.467574,0.176361,0.224493,0.929647,-0.368350,-0.004991,0.007037,0.715265,-1.636480,-1.968515,-1.124483,1.573180,-0.101055,11.304476,6.196348,-18.908778,-1.272768,2.374774,-0.099741
3028.941970,0.467574,0.176915,0.224415,0.929647,-0.368350,-0.004991,0.007037,0.716148,-1.636984,-1.968204,-1.124288,1.573196,-0.100172,11.204991,6.136391,-18.888724,-1.265770,2.370795,-0.098740
3028.961979,0.467574,0.177470,0.224336,0.929647,-0.368350,-0.004991,0.007037,0.717032,-1.637491,-1.967892,-1.124091,1.573211,-0.099288,11.225027,6.146584,-18.808721,-1.264778,2.365796,-0.099737
3028.981963,0.467574,0.178025,0.224259,0.929647,-0.368350,-0.004991,0.007037,0.717914,-1.637998,-1.967576,-1.123898,1.573226,-0.098406,11.225646,6.084748,-18.708648,-1.261698,2.358822,-0.098774
3029.001988,0.467574,0.178580,0.224181,0.929647,-0.368350,-0.004991,0.007037,0.718796,-1.638507,-1.967260,-1.123703,1.573241,-0.097525,11.194800,6.105653,-18.668741,-1.262738,2.349787,-0.100755
3029.022035,0.467574,0.179134,0.224102,0.929647,-0.368350,-0.004991,0.007037,0.719675,-1.639016,-1.966944,-1.123508,1.573256,-0.096646,11.174552,6.105160,-18.638765,-1.259716,2.337777,-0.101765
3029.042055,0.467574,0.179689,0.224024,0.929647,-0.368350,-0.004991,0.007037,0.720554,-1.639526,-1.966624,-1.123315,1.573271,-0.095767,11.074383,6.094235,-18.558778,-1.254676,2.327770,-0.102784
3029.062075,0.467574,0.180244,0.223944,0.929647,-0.368350,-0.004991,0.007037,0.721433,-1.640040,-1.966307,-1.123116,1.573286,-0.094888,11.145586,6.055588,-18.468658,-1.251735,2.330819,-0.100757
3029.082098,0.467574,0.180799,0.223864,0.929647,-0.368350,-0.004991,0.007037,0.722310,-1.640555,-1.965989,-1.122917,1.573301,-0.094011,11.215248,6.105906,-18.448695,-1.253749,2.338805,-0.101750
3029.102101,0.467574,0.181353,0.223784,0.929647,-0.368350,-0.004991,0.007037,0.723184,-1.641070,-1.965671,-1.122718,1.573316,-0.093137,11.115327,6.095462,-18.428685,-1.252729,2.333808,-0.102759
3029.122105,0.467574,0.181908,0.223705,0.929647,-0.368350,-0.004991,0.007037,0.724060,-1.641586,-1.965348,-1.122522,1.573331,-0.092262,11.095172,6.105189,-18.448700,-1.252718,2.329802,-0.103765
3029.142174,0.467574,0.182463,0.223625,0.929647,-0.368350,-0.004991,0.007037,0.724934,-1.642103,-1.965024,-1.122328,1.573346,-0.091388,11.064273,6.035005,-18.498793,-1.249710,2.326765,-0.103768
3029.172134,0.467574,0.183018,0.223546,0.929647,-0.368350,-0.004991,0.007037,0.725807,-1.642621,-1.964697,-1.122134,1.573360,-0.090515,11.034885,6.064202,-18.608725,-1.250675,2.323790,-0.106785
3029.192154,0.467574,0.183573,0.223466,0.929647,-0.368350,-0.004991,0.007037,0.726678,-1.643141,-1.964373,-1.121936,1.573375,-0.089643,11.035835,6.046210,-18.658635,-1.253762,2.324829,-0.106744
3029.212149,0.467574,0.184127,0.223386,0.929647,-0.368350,-0.004991,0.007037,0.727548,-1.643661,-1.964046,-1.121741,1.573390,-0.088774,11.124434,6.036429,-18.748783,-1.255771,2.337772,-0.104740
3029.232185,0.467574,0.184682,0.223307,0.929647,-0.368350,-0.004991,0.007037,0.728417,-1.644181,-1.963713,-1.121551,1.573405,-0.087904,11.144503,6.065739,-18.788772,-1.260741,2.342775,-0.104754
3029.262235,0.467574,0.185237,0.223229,0.929647,-0.368350,-0.004991,0.007037,0.729286,-1.644703,-1.963380,-1.121360,1.573420,-0.087036,11.265377,6.165032,-18.858678,-1.266711,2.356810,-0.105768
3029.282314,0.467574,0.185792,0.223150,0.929647,-0.368350,-0.004991,0.007037,0.730154,-1.645225,-1.963046,-1.121170,1.573435,-0.086168,11.395043,6.275267,-18.878714,-1.273721,2.373797,-0.106763
3029.302261,0.467574,0.186346,0.223073,0.929647,-0.368350,-0.004991,0.007037,0.731019,-1.645747,-1.962708,-1.120984,1.573449,-0.085304,11.384779,6.195146,-19.018741,-1.271716,2.370786,-0.105766
3029.322285,0.467574,0.186901,0.222995,0.929647,-0.368350,-0.004991,0.007037,0.731884,-1.646270,-1.962367,-1.120799,1.573464,-0.084438,11.334847,6.195871,-19.048737,-1.274747,2.366789,-0.107751
3029.342322,0.467574,0.187456,0.222919,0.929647,-0.368350,-0.004991,0.007037,0.732749,-1.646794,-1.962024,-1.120616,1.573479,-0.083574,11.424678,6.235548,-19.118753,-1.276733,2.377782,-0.108757
3029.362312,0.467574,0.188011,0.222842,0.929647,-0.368350,-0.004991,0.007037,0.733612,-1.647318,-1.961680,-1.120434,1.573494,-0.082711,11.364766,6.265675,-19.108744,-1.280739,2.371785,-0.108755
3029.382357,0.467574,0.188565,0.222766,0.929647,-0.368350,-0.004991,0.007037,0.734473,-1.647843,-1.961333,-1.120253,1.573508,-0.081850,11.325317,6.305029,-19.028684,-1.281711,2.368808,-0.109768
3029.402359,0.467574,0.189120,0.222688,0.929647,-0.368350,-0.004991,0.007037,0.735334,-1.648370,-1.960987,-1.120070,1.573523,-0.080989,11.384601,6.325832,-19.038762,-1.281745,2.373779,-0.109752
3029.422327,0.467574,0.189675,0.222611,0.929647,-0.368350,-0.004991,0.007037,0.736194,-1.648899,-1.960640,-1.119886,1.573538,-0.080129,11.344778,6.276611,-19.048747,-1.282779,2.367786,-0.111736
3029.442400,0.467574,0.190230,0.222534,0.929647,-0.368350,-0.004991,0.007037,0.737053,-1.649427,-1.960289,-1.119706,1.573552,-0.079270,11.304783,6.234428,-19.028737,-1.280685,2.360786,-0.111780
3029.462385,0.467574,0.190785,0.222457,0.929647,-0.368350,-0.004991,0.007037,0.737911,-1.649957,-1.959937,-1.119525,1.573567,-0.078412,11.344749,6.245412,-18.998745,-1.278727,2.367785,-0.111760
3029.482394,0.467574,0.191339,0.222380,0.929647,-0.368350,-0.004991,0.007037,0.738766,-1.650487,-1.959585,-1.119345,1.573581,-0.077557,11.314838,6.285692,-19.078737,-1.278739,2.368788,-0.112755
3029.502395,0.467574,0.191894,0.222304,0.929647,-0.368350,-0.004991,0.007037,0.739622,-1.651019,-1.959230,-1.119166,1.573596,-0.076701,11.304157,6.285721,-19.088808,-1.280741,2.364760,-0.113754
3029.522438,0.467574,0.192449,0.222227,0.929647,-0.368350,-0.004991,0.007037,0.740477,-1.651552,-1.958873,-1.118988,1.573611,-0.075847,11.294633,6.315268,-19.138756,-1.282721,2.368780,-0.113763
3029.542467,0.467574,0.193004,0.222151,0.929647,-0.368350,-0.004991,0.007037,0.741331,-1.652085,-1.958513,-1.118812,1.573625,-0.074993,11.303986,6.324877,-19.148822,-1.286704,2.367753,-0.115771
3029.562488,0.467574,0.193558,0.222074,0.929647,-0.368350,-0.004991,0.007037,0.742182,-1.652619,-1.958155,-1.118634,1.573640,-0.074142,11.244637,6.275727,-19.098758,-1.280741,2.363780,-0.114754
3029.582451,0.467574,0.194113,0.221996,0.929647,-0.368350,-0.004991,0.007037,0.743033,-1.653156,-1.957796,-1.118454,1.573654,-0.073291,11.244512,6.287117,-19.148778,-1.283801,2.366775,-0.115726
3029.602476,0.467574,0.194668,0.221919,0.929647,-0.368350,-0.004991,0.007037,0.743884,-1.653692,-1.957434,-1.118277,1.573668,-0.072440,11.234722,6.286078,-19.188751,-1.282756,2.365784,-0.115747
3029.622547,0.467574,0.195223,0.221843,0.929647,-0.368350,-0.004991,0.007037,0.744733,-1.654230,-1.957069,-1.118102,1.573683,-0.071591,11.224379,6.256260,-19.238788,-1.275764,2.367770,-0.114743
3029.652555,0.467574,0.195777,0.221765,0.929647,-0.368350,-0.004991,0.007037,0.745580,-1.654768,-1.956705,-1.117924,1.573697,-0.070744,11.354264,6.346265,-19.248800,-1.282764,2.375765,-0.115743
3029.672570,0.467574,0.196332,0.221688,0.929647,-0.368350,-0.004991,0.007037,0.746427,-1.655309,-1.956340,-1.117747,1.573712,-0.069897,11.284704,6.336332,-19.208754,-1.281767,2.369783,-0.115742
3029.692554,0.467574,0.196887,0.221612,0.929647,-0.368350,-0.004991,0.007037,0.747274,-1.655848,-1.955969,-1.117577,1.573726,-0.069051,11.235294,6.234987,-19.188686,-1.281709,2.362807,-0.116769
3029.712542,0.467574,0.197442,0.221536,0.929647,-0.368350,-0.004991,0.007037,0.748119,-1.656389,-1.955596,-1.117406,1.573741,-0.068206,11.244915,6.275652,-19.188729,-1.278738,2.361792,-0.116755
3029.742649,0.467574,0.197997,0.221459,0.929647,-0.368350,-0.004991,0.007037,0.748963,-1.656932,-1.955227,-1.117229,1.573755,-0.067362,11.215370,6.206209,-19.158684,-1.277762,2.358810,-0.116744
3029.762647,0.467574,0.198551,0.221382,0.929647,-0.368350,-0.004991,0.007037,0.749804,-1.657475,-1.954854,-1.117057,1.573769,-0.066521,11.254726,6.225448,-19.208748,-1.279729,2.360784,-0.117759
3029.792631,0.467574,0.199106,0.221305,0.929647,-0.368350,-0.004991,0.007037,0.750646,-1.658020,-1.954480,-1.116883,1.573783,-0.065679,11.215016,6.185702,-19.138718,-1.275740,2.355796,-0.116754
3029.822691,0.467574,0.199661,0.221226,0.929647,-0.368350,-0.004991,0.007037,0.751487,-1.658567,-1.954108,-1.116706,1.573798,-0.064838,11.105662,6.136682,-19.098655,-1.267782,2.344822,-0.116735
3029.842662,0.467574,0.200216,0.221149,0.929647,-0.368350,-0.004991,0.007037,0.752327,-1.659113,-1.953730,-1.116535,1.573812,-0.063998,11.134836,6.185083,-19.128734,-1.267713,2.349788,-0.118767
3029.862733,0.467574,0.200770,0.221072,0.929647,-0.368350,-0.004991,0.007037,0.753164,-1.659661,-1.953354,-1.116361,1.573826,-0.063161,11.104145,6.166263,-19.078812,-1.264764,2.342760,-0.118743
3029.892727,0.467574,0.201325,0.220994,0.929647,-0.368350,-0.004991,0.007037,0.754002,-1.660210,-1.952975,-1.116188,1.573840,-0.062324,11.275441,6.315541,-19.078673,-1.274733,2.359813,-0.119758
3029.912713,0.467574,0.201880,0.220917,0.929647,-0.368350,-0.004991,0.007037,0.754839,-1.660759,-1.952592,-1.116020,1.573855,-0.061487,11.254467,6.344541,-19.118770,-1.278690,2.360773,-0.121778
3029.932767,0.467574,0.202435,0.220841,0.929647,-0.368350,-0.004991,0.007037,0.755674,-1.661309,-1.952207,-1.115852,1.573869,-0.060652,11.145049,6.265016,-19.108712,-1.272710,2.349797,-0.121768
3029.952787,0.467574,0.202989,0.220764,0.929647,-0.368350,-0.004991,0.007037,0.756507,-1.661859,-1.951823,-1.115683,1.573883,-0.059819,11.175547,6.305906,-19.028664,-1.270749,2.346818,-0.121750
3029.982776,0.467574,0.203544,0.220687,0.929647,-0.368350,-0.004991,0.007037,0.757341,-1.662412,-1.951438,-1.115513,1.573897,-0.058985,11.284678,6.334622,-19.098749,-1.276693,2.353782,-0.123776
3030.002844,0.467574,0.204099,0.220609,0.929647,-0.368350,-0.004991,0.007037,0.758173,-1.662966,-1.951051,-1.115344,1.573911,-0.058153,11.274948,6.305904,-19.108726,-1.275749,2.350793,-0.122750
3030.022819,0.467574,0.204654,0.220532,0.929647,-0.368350,-0.004991,0.007037,0.759004,-1.663520,-1.950662,-1.115176,1.573925,-0.057322,11.185081,6.226044,-19.088713,-1.271755,2.339798,-0.123748
3030.042813,0.467574,0.205209,0.220456,0.929647,-0.368350,-0.004991,0.007037,0.759835,-1.664074,-1.950268,-1.115013,1.573939,-0.056492,11.125000,6.194786,-19.168716,-1.268700,2.337795,-0.124773
3030.062901,0.467574,0.205763,0.220379,0.929647,-0.368350,-0.004991,0.007037,0.760662,-1.664630,-1.949877,-1.114845,1.573954,-0.055664,11.134471,6.226719,-19.158780,-1.268784,2.334773,-0.124734
3030.082905,0.467574,0.206318,0.220303,0.929647,-0.368350,-0.004991,0.007037,0.761490,-1.665185,-1.949481,-1.114683,1.573968,-0.054836,11.084845,6.185133,-19.238734,-1.266715,2.330789,-0.126766
3030.112843,0.467574,0.206873,0.220226,0.929647,-0.368350,-0.004991,0.007037,0.762318,-1.665743,-1.949085,-1.114519,1.573982,-0.054009,10.994979,6.165520,-19.288721,-1.265732,2.323794,-0.125758
3030.132990,0.467574,0.207428,0.220151,0.929647,-0.368350,-0.004991,0.007037,0.763144,-1.666301,-1.948685,-1.114359,1.573996,-0.053183,11.054834,6.155079,-19.358735,-1.264713,2.335788,-0.126767
3030.152926,0.467574,0.207982,0.220075,0.929647,-0.368350,-0.004991,0.007037,0.763967,-1.666858,-1.948285,-1.114199,1.574010,-0.052360,11.135315,6.145655,-19.358687,-1.265738,2.345808,-0.124755
3030.183001,0.467574,0.208537,0.219999,0.929647,-0.368350,-0.004991,0.007037,0.764791,-1.667418,-1.947884,-1.114037,1.574024,-0.051536,11.124944,6.165901,-19.368727,-1.260748,2.346793,-0.125750
3030.202989,0.467574,0.209092,0.219923,0.929647,-0.368350,-0.004991,0.007037,0.765614,-1.667979,-1.947480,-1.113878,1.574037,-0.050713,11.104865,6.215824,-19.378735,-1.261745,2.350790,-0.126752
3030.223097,0.467574,0.209647,0.219848,0.929647,-0.368350,-0.004991,0.007037,0.766436,-1.668540,-1.947074,-1.113720,1.574051,-0.049892,11.154715,6.176021,-19.398751,-1.261754,2.352783,-0.125748
3030.243060,0.467574,0.210201,0.219773,0.929647,-0.368350,-0.004991,0.007037,0.767255,-1.669100,-1.946667,-1.113564,1.574065,-0.049072,11.114409,6.205439,-19.298781,-1.261728,2.344771,-0.126760
3030.273003,0.467574,0.210756,0.219697,0.929647,-0.368350,-0.004991,0.007037,0.768075,-1.669663,-1.946258,-1.113407,1.574079,-0.048253,11.115451,6.224312,-19.298666,-1.262680,2.345813,-0.127783
3030.293014,0.467574,0.211311,0.219621,0.929647,-0.368350,-0.004991,0.007037,0.768893,-1.670228,-1.945848,-1.113250,1.574093,-0.047434,11.085021,6.205774,-19.268718,-1.262743,2.344796,-0.128753
3030.313043,0.467574,0.211866,0.219545,0.929647,-0.368350,-0.004991,0.007037,0.769711,-1.670793,-1.945437,-1.113093,1.574107,-0.046617,11.045395,6.155521,-19.248678,-1.258732,2.337811,-0.127758
3030.333016,0.467574,0.212421,0.219470,0.929647,-0.368350,-0.004991,0.007037,0.770527,-1.671358,-1.945023,-1.112939,1.574121,-0.045800,11.114819,6.215344,-19.228737,-1.261724,2.343788,-0.126762
3030.363096,0.467574,0.212975,0.219393,0.929647,-0.368350,-0.004991,0.007037,0.771341,-1.671925,-1.944612,-1.112781,1.574134,-0.044987,11.174929,6.275896,-19.218728,-1.266748,2.350792,-0.127750
3030.383113,0.467574,0.213530,0.219317,0.929647,-0.368350,-0.004991,0.007037,0.772156,-1.672493,-1.944196,-1.112626,1.574148,-0.044172,11.224413,6.304776,-19.188777,-1.264700,2.350771,-0.126773
3030.413104,0.467574,0.214085,0.219240,0.929647,-0.368350,-0.004991,0.007037,0.772969,-1.673063,-1.943781,-1.112468,1.574162,-0.043359,11.185105,6.345852,-19.278710,-1.275746,2.349799,-0.129751
3030.433189,0.467574,0.214640,0.219164,0.929647,-0.368350,-0.004991,0.007037,0.773781,-1.673633,-1.943363,-1.112313,1.574176,-0.042547,11.214763,6.306023,-19.248746,-1.270754,2.349785,-0.127748
3030.453158,0.467574,0.215194,0.219089,0.929647,-0.368350,-0.004991,0.007037,0.774591,-1.674202,-1.942942,-1.112163,1.574189,-0.041737,11.145067,6.275837,-19.418714,-1.272746,2.349798,-0.129752
3030.473168,0.467574,0.215749,0.219014,0.929647,-0.368350,-0.004991,0.007037,0.775401,-1.674772,-1.942518,-1.112013,1.574203,-0.040927,11.225128,6.335956,-19.448708,-1.275751,2.357800,-0.129749
3030.503217,0.467574,0.216304,0.218940,0.929647,-0.368350,-0.004991,0.007037,0.776210,-1.675344,-1.942092,-1.111865,1.574217,-0.040118,11.274674,6.344571,-19.418749,-1.277691,2.357782,-0.130777
3030.523259,0.467574,0.216859,0.218865,0.929647,-0.368350,-0.004991,0.007037,0.777019,-1.675916,-1.941666,-1.111717,1.574231,-0.039310,11.305033,6.355212,-19.458714,-1.278719,2.363796,-0.130764
3030.543211,0.467574,0.217413,0.218790,0.929647,-0.368350,-0.004991,0.007037,0.777824,-1.676488,-1.941238,-1.111570,1.574244,-0.038505,11.274566,6.305083,-19.378763,-1.274713,2.362777,-0.129767
3030.573274,0.467574,0.217968,0.218714,0.929647,-0.368350,-0.004991,0.007037,0.778630,-1.677063,-1.940810,-1.111420,1.574258,-0.037699,11.205175,6.275594,-19.388701,-1.269735,2.346802,-0.131757
3030.603299,0.467574,0.218523,0.218638,0.929647,-0.368350,-0.004991,0.007037,0.779435,-1.677639,-1.940382,-1.111268,1.574271,-0.036894,10.964975,6.155199,-19.278720,-1.260718,2.324794,-0.131765
